platform_id,make,model_family,cab_style,nickname,bed_length_floor_inches,production_year_start,production_year_end,stake_pockets_present,cab_camera_present
leer_56ff21,Ford,F-150,,"Ford F-150 56"" (2022–2025)",56.0,2021,2025,,
leer_66ff21,Ford,F-150,,"Ford F-150 66"" (2021–2025)",66.0,2021,2025,,
leer_80ff21,Ford,F-150,,"Ford F-150 80"" (2021–2025)",80.0,2021,2025,,
leer_56ff21m,Ford,F-150,,"Ford F-150 56"" (2024–2025)",56.0,2024,2025,,
leer_66ff21m,Ford,F-150,,"Ford F-150 66"" (2024–2025)",66.0,2024,2025,,
leer_80ff21m,Ford,F-150,,"Ford F-150 80"" (2024–2025)",80.0,2024,2025,,
leer_56frpt17,Ford,Ranger,,"Ford Ranger 56"" (2017–2020)",56.0,2017,2020,,
leer_56ff15,Ford,F-150,,"Ford F-150 56"" (2015–2020)",56.0,2015,2020,,
leer_66ff15,Ford,F-150,,"Ford F-150 66"" (2015–2020)",66.0,2015,2020,,
leer_80ff15,Ford,F-150,,"Ford F-150 80"" (2015–2020)",80.0,2015,2020,,
leer_56ff09,Ford,F-150,,"Ford F-150 56"" (2009–2014)",56.0,2009,2014,,
leer_66ff09,Ford,F-150,,"Ford F-150 66"" (2009–2014)",66.0,2009,2014,,
leer_80ff09,Ford,F-150,,"Ford F-150 80"" (2009–2014)",80.0,2009,2014,,
leer_55ff,Ford,F-150,,"Ford F-150 55"" (2004–2008)",55.0,2004,2008,,
leer_65ff,Ford,F-150,,"Ford F-150 65"" (2004–2008)",65.0,2004,2008,,
leer_8ff,Ford,F-150,,Ford F-150 (2004–2008),79.0,2004,2008,,
leer_69fs23,Ford,F-250 Super Duty,,"Ford F-250 Super Duty 69"" (2023–2025)",69.0,2023,2025,,
leer_80fs23,Ford,F-250 Super Duty,,"Ford F-250 Super Duty 80"" (2023–2025)",80.0,2023,2025,,
leer_69fs17,Ford,F-250 Super Duty,,"Ford F-250 Super Duty 69"" (2017–2022)",69.0,2017,2022,,
leer_80fs17,Ford,F-250 Super Duty,,"Ford F-250 Super Duty 80"" (2017–2022)",80.0,2017,2022,,
leer_8fsd,Ford,F-250 Super Duty,,Ford F-250 Super Duty (2008–2016),80.0,2008,2016,,
leer_65fsd,Ford,F-250 Super Duty,,"Ford F-250 Super Duty 65"" (2008–2016)",65.0,2008,2016,,
leer_8fsds,Ford,F-250 Super Duty,,Ford F-250 Super Duty (2008–2016),80.0,2008,2016,,
leer_65fsds,Ford,F-250 Super Duty,,"Ford F-250 Super Duty 65"" (2008–2016)",65.0,2008,2016,,
leer_4afr24,Ford,Ranger,,Ford Ranger (2024–2025),61.0,2024,2025,,
leer_4afr19,Ford,Ranger,,Ford Ranger (2019–2023),61.0,2019,2023,,
leer_5afr19,Ford,Ranger,,Ford Ranger (2019–2023),61.0,2019,2023,,
leer_56fst,Ford,F-150,,"Ford F-150 56"" (2007–2010)",56.0,2007,2010,,
leer_75r,Ford,Ranger,,"Ford Ranger 75"" (1993–2012)",75.0,1993,2012,,
leer_45fm22,Ford,Maverick,,"Ford Maverick 45"" (2022–2025)",45.0,2022,2025,,
leer_64dr19_h,Ram,1500,,"Ram 1500 64"" (2019–2025)",64.0,2019,2025,,
leer_64dr19_d,Ram,1500,,"Ram 1500 64"" (2019–2025)",64.0,2019,2025,,
leer_80dr19_h,Ram,1500,,"Ram 1500 80"" (2019–2025)",80.0,2019,2025,,
leer_80dr19_d,Ram,1500,,"Ram 1500 80"" (2019–2025)",80.0,2019,2025,,
leer_57dr19,Ram,1500,,"Ram 1500 57"" (2025–2025)",57.0,2019,2025,,
leer_64dr19,Ram,1500,,"Ram 1500 64"" (2025–2025)",64.0,2025,2025,,
leer_80dr10,Ram,1500,,"Ram 1500 80"" (2010–2018)",80.0,2010,2018,,
leer_80dr10_d,Ram,1500,,"Ram 1500 80"" (2010–2018)",80.0,2010,2018,,
leer_57dr09,Ram,1500,,"Ram 1500 57"" (2019–2024)",57.0,2009,2024,,
leer_64dr09,Ram,1500,,"Ram 1500 64"" (2009–2018)",64.0,2009,2018,,
leer_64drqc09,Ram,1500,Quad Cab,"Ram 1500 64"" (2019–2024)",64.0,2009,2024,,
leer_80dr09,Ram,1500,,"Ram 1500 80"" (2019–2024)",80.0,2009,,,
leer_64drqc09_d,Ram,1500,Quad Cab,"Ram 1500 64"" (2009–2018)",64.0,2009,2018,,
leer_64dr09_d,Ram,1500,,"Ram 1500 64"" (2010–2018)",64.0,2010,2018,,
leer_80dr09_d,Ram,1500,,"Ram 1500 80"" (2010+)",80.0,2010,,,
leer_65dr,Ram,1500,,"Ram 1500 65"" (2009–2009)",65.0,2002,2009,,
leer_8dr,Ram,1500,,Ram 1500 (2009–2009),79.0,2002,2009,,
leer_67ddt,Dodge,Dakota,,"Dodge Dakota 67"" (2008–2008)",67.0,2008,2008,,
leer_81ddt,Dodge,Dakota,,"Dodge Dakota 81"" (2008–2008)",81.0,2008,2008,,
leer_67dd,Dodge,Dakota,,"Dodge Dakota 67"" (2005–2011)",67.0,2005,2011,,
leer_81dd,Dodge,Dakota,,"Dodge Dakota 81"" (2005–2011)",81.0,2005,2011,,
leer_81dk,Dodge,Dakota,,"Dodge Dakota 81"" (1997–2004)",81.0,1997,2004,,
leer_50jg20,Jeep,Gladiator,,"Jeep Gladiator 50"" (2020–2024)",50.0,2020,2024,,
leer_67go20_h,GMC,Sierra,,"GMC Sierra 67"" (2020–2025)",67.0,2020,2025,,
leer_80go20_h,GMC,Sierra,,"GMC Sierra 80"" (2020–2025)",80.0,2020,2025,,
leer_67go20_hm,GMC,Sierra,,"GMC Sierra 67"" (2020–2025)",67.0,2020,2025,,
leer_80go20_hm,GMC,Sierra,,"GMC Sierra 80"" (2020–2025)",80.0,2020,2025,,
leer_58gso19,Chevrolet,Silverado,,"Chevrolet Silverado 58"" (2019–2025)",58.0,2019,2025,,
leer_66gso19,Chevrolet,Silverado,,"Chevrolet Silverado 66"" (2019–2025)",66.0,2019,2025,,
leer_80gso19,Chevrolet,Silverado,,"Chevrolet Silverado 80"" (2019–2025)",80.0,2019,2025,,
leer_58gso19m,Chevrolet,Silverado,,"Chevrolet Silverado 58"" (2019–2025)",58.0,2019,2025,,
leer_66gso19m,Chevrolet,Silverado,,"Chevrolet Silverado 66"" (2019–2025)",66.0,2019,2025,,
leer_80gso19m,Chevrolet,Silverado,,"Chevrolet Silverado 80"" (2019–2025)",80.0,2019,2025,,
leer_67ga20_h,GMC,Sierra,,"GMC Sierra 67"" (2020–2025)",67.0,2020,2025,,
leer_80ga20_h,GMC,Sierra,,"GMC Sierra 80"" (2020–2025)",80.0,2020,2025,,
leer_67ga20_hm,GMC,Sierra,,"GMC Sierra 67"" (2020–2025)",67.0,2020,2025,,
leer_80ga20_hm,GMC,Sierra,,"GMC Sierra 80"" (2020–2025)",80.0,2020,2025,,
leer_58gsa19,Chevrolet,Silverado,,"Chevrolet Silverado 58"" (2019–2025)",58.0,2019,2025,,
leer_66gsa19,Chevrolet,Silverado,,"Chevrolet Silverado 66"" (2019–2025)",66.0,2019,2025,,
leer_80gsa19,Chevrolet,Silverado,,"Chevrolet Silverado 80"" (2019–2025)",80.0,2019,2025,,
leer_58gsa19m,Chevrolet,Silverado,,"Chevrolet Silverado 58"" (2019–2025)",58.0,2019,2025,,
leer_66gsa19m,Chevrolet,Silverado,,"Chevrolet Silverado 66"" (2019–2025)",66.0,2019,2025,,
leer_66gs14,Chevrolet,Silverado,,"Chevrolet Silverado 66"" (2014–2018)",66.0,2014,2018,,
leer_80gs14,Chevrolet,Silverado,,"Chevrolet Silverado 80"" (2014–2018)",80.0,2014,2018,,
leer_80gsd15,Chevrolet,Silverado,,"Chevrolet Silverado 80"" (2015–2019)",80.0,2015,2019,,
leer_58gs14,Chevrolet,Silverado,,"Chevrolet Silverado 58"" (2014–2018)",58.0,2014,2018,,
leer_58gso,Chevrolet,Silverado,,"Chevrolet Silverado 58"" (2007–2013)",58.0,2007,2013,,
leer_58gsocc,Chevrolet,Silverado,Crew Cab,"Chevrolet Silverado 58"" (2007–2013)",58.0,2007,2013,,
leer_65gso,Chevrolet,Silverado,,"Chevrolet Silverado 65"" (2007–2013)",65.0,2007,2013,,
leer_65gsocc,Chevrolet,Silverado,Crew Cab,"Chevrolet Silverado 65"" (2007–2013)",65.0,2007,2013,,
leer_8gso,Chevrolet,Silverado,,Chevrolet Silverado (2007–2013),79.0,2007,2013,,
leer_8gsocc,Chevrolet,Silverado,Crew Cab,Chevrolet Silverado (2007–2013),79.0,2007,2013,,
leer_8gsd,Chevrolet,Silverado,,Chevrolet Silverado (2007–2014),79.0,2007,2014,,
leer_58gsa,Chevrolet,Silverado,,"Chevrolet Silverado 58"" (2007–2013)",58.0,2007,2013,,
leer_58gsacc,Chevrolet,Silverado,Crew Cab,"Chevrolet Silverado 58"" (2007–2013)",58.0,2007,2013,,
leer_65gsa,Chevrolet,Silverado,,"Chevrolet Silverado 65"" (2007–2013)",65.0,2007,2013,,
leer_65gsacc,Chevrolet,Silverado,Crew Cab,"Chevrolet Silverado 65"" (2007–2013)",65.0,2007,2013,,
leer_8gsa,Chevrolet,Silverado,,Chevrolet Silverado (2007–2013),79.0,2007,2013,,
leer_8gmt,Chevrolet,Silverado,,Chevrolet Silverado (1999–2006),79.0,1999,2006,,
leer_65gmt,Chevrolet,Silverado,,"Chevrolet Silverado 65"" (1999–2006)",65.0,1999,2006,,
leer_58gmtw,Chevrolet,Silverado,,"Chevrolet Silverado 58"" (2006–2006)",58.0,2004,2006,,
leer_58gmt,Chevrolet,Silverado,,"Chevrolet Silverado 58"" (2004–2006)",58.0,2004,2006,,
leer_65gmtcc,Chevrolet,Silverado,Crew Cab,"Chevrolet Silverado 65"" (2001–2005)",65.0,2001,2005,,
leer_8gmthdd,Chevrolet,Silverado,,Chevrolet Silverado (2001–2006),79.0,2001,2006,,
leer_52gl23,Chevrolet,Colorado,,"Chevrolet Colorado 52"" (2023–2025)",52.0,2023,2025,,
leer_52gn23,GMC,Canyon,,"GMC Canyon 52"" (2023–2025)",52.0,2023,2025,,
leer_52gc15,Chevrolet,Colorado,,"Chevrolet Colorado 52"" (2015–2022)",52.0,2015,2022,,
leer_62gccc15,Chevrolet,Colorado,Crew Cab,"Chevrolet Colorado 62"" (2015–2022)",62.0,2015,2022,,
leer_62gc15,Chevrolet,Colorado,,"Chevrolet Colorado 62"" (2015–2022)",62.0,2015,2022,,
leer_76gc,Chevrolet,Colorado,,"Chevrolet Colorado 76"" (2004–2012)",76.0,2004,2012,,
leer_65gc,Chevrolet,Colorado,,"Chevrolet Colorado 65"" (2004–2012)",65.0,2004,2012,,
leer_59scc,Chevrolet,S-10,Crew Cab,"Chevrolet S-10 59"" (2001–2003)",59.0,2001,2003,,
leer_90s,Chevrolet,S-10,,"Chevrolet S-10 90"" (1994–2003)",90.0,1994,2003,,
leer_75s,Chevrolet,S-10,,"Chevrolet S-10 75"" (1994–2003)",75.0,1994,2003,,
leer_76s,Chevrolet,S-10,,"Chevrolet S-10 76"" (1982–1993)",76.0,1982,1993,,
leer_75ss,Chevrolet,S-10,,"Chevrolet S-10 75"" (1996–2003)",75.0,1996,2003,,
leer_56tt22,Toyota,Tundra,,"Toyota Tundra 56"" (2022–2025)",56.0,2022,2025,,
leer_66tt22,Toyota,Tundra,,"Toyota Tundra 66"" (2022–2025)",66.0,2022,2025,,
leer_81tt22,Toyota,Tundra,,"Toyota Tundra 81"" (2022–2025)",81.0,2022,2025,,
leer_56tt14,Toyota,Tundra,,"Toyota Tundra 56"" (2014–2021)",56.0,2014,2021,,
leer_66tt14,Toyota,Tundra,,"Toyota Tundra 66"" (2014–2021)",66.0,2014,2021,,
leer_80tt14,Toyota,Tundra,,"Toyota Tundra 80"" (2014–2021)",80.0,2014,2021,,
leer_55tt,Toyota,Tundra,,"Toyota Tundra 55"" (2007–2013)",55.0,2007,2013,,
leer_65tt,Toyota,Tundra,,"Toyota Tundra 65"" (2007–2013)",65.0,2007,2013,,
leer_65ttdc,Toyota,Tundra,Double Cab,"Toyota Tundra 65"" (2007–2013)",65.0,2007,2013,,
leer_8tt,Toyota,Tundra,,Toyota Tundra (2007–2013),79.0,2007,2013,,
leer_8ttdc,Toyota,Tundra,Double Cab,Toyota Tundra (2007–2013),79.0,2007,2013,,
leer_52tc24,Toyota,Tacoma,,"Toyota Tacoma 52"" (2024+)",52.0,2024,,,
leer_62tc24,Toyota,Tacoma,,"Toyota Tacoma 62"" (2024+)",62.0,2024,,,
leer_62tc16,Toyota,Tacoma,,"Toyota Tacoma 62"" (2016–2023)",62.0,2016,2023,,
leer_62tcdc16,Toyota,Tacoma,Double Cab,"Toyota Tacoma 62"" (2016–2023)",62.0,2016,2023,,
leer_52tcdc16,Toyota,Tacoma,Double Cab,"Toyota Tacoma 52"" (2016–2023)",52.0,2016,2023,,
leer_64tcdc,Toyota,Tacoma,Double Cab,"Toyota Tacoma 64"" (2005–2015)",64.0,2005,2015,,
leer_77tcdc,Toyota,Tacoma,Double Cab,"Toyota Tacoma 77"" (2005–2015)",77.0,2005,2015,,
leer_77tc,Toyota,Tacoma,,"Toyota Tacoma 77"" (2005–2015)",77.0,2005,2015,,
leer_77tcr,Toyota,Tacoma,,"Toyota Tacoma 77"" (2005–2015)",77.0,2005,2015,,
leer_63tcc,Toyota,Tacoma,Crew Cab,"Toyota Tacoma 63"" (2001–2004)",63.0,2001,2004,,
leer_51hr17,Honda,Ridgeline,,"Honda Ridgeline 51"" (2017–2024)",51.0,2017,2024,,
leer_59hr,Honda,Ridgeline,,"Honda Ridgeline 59"" (2005–2014)",59.0,2005,2014,,
leer_66nt16,Nissan,Titan,,"Nissan Titan 66"" (2016–2024)",66.0,2016,2024,,
leer_80nt16,Nissan,Titan,,"Nissan Titan 80"" (2016–2024)",80.0,2016,2024,,
leer_56nt13,Nissan,Titan,,"Nissan Titan 56"" (2013–2015)",56.0,2013,2015,,
leer_65nt,Nissan,Titan,,"Nissan Titan 65"" (2004–2012)",65.0,2004,2012,,
leer_55nt,Nissan,Titan,,"Nissan Titan 55"" (2004–2012)",55.0,2004,2012,,
leer_60nf22,Nissan,Frontier,,"Nissan Frontier 60"" (2022–2025)",60.0,2022,2025,,
leer_50nf13,Nissan,Frontier,,"Nissan Frontier 50"" (2013–2021)",50.0,2013,2021,,
leer_61nf13,Nissan,Frontier,,"Nissan Frontier 61"" (2013–2021)",61.0,2013,2021,,
leer_62nf,Nissan,Frontier,,"Nissan Frontier 62"" (2005–2012)",62.0,2005,2012,,
leer_76nf,Nissan,Frontier,,"Nissan Frontier 76"" (2007–2012)",76.0,2005,2012,,
leer_75ih,Isuzu,Hombre,,"Isuzu Hombre 75"" (1996–1997)",75.0,1996,1997,,
