platform_id,manufacturer,manufacturer_code,source_effective_date
leer_56ff21,LEER,56FF21,2025-01-24
leer_66ff21,LEER,66FF21,2025-01-24
leer_80ff21,LEER,80FF21,2025-01-24
leer_56ff21m,LEER,56FF21M,2025-01-24
leer_66ff21m,LEER,66FF21M,2025-01-24
leer_80ff21m,LEER,80FF21M,2025-01-24
leer_56frpt17,LEER,56FRPT17,2025-01-24
leer_56frpt17,LEER,56FF15,2025-01-24
leer_56ff15,LEER,56FF15,2025-01-24
leer_66ff15,LEER,66FF15,2025-01-24
leer_80ff15,LEER,80FF15,2025-01-24
leer_56ff09,LEER,56FF09,2025-01-24
leer_66ff09,LEER,66FF09,2025-01-24
leer_80ff09,LEER,80FF09,2025-01-24
leer_55ff,LEER,55FF,2025-01-24
leer_65ff,LEER,65FF,2025-01-24
leer_8ff,LEER,8FF,2025-01-24
leer_69fs23,LEER,69FS23,2025-01-24
leer_80fs23,LEER,80FS23,2025-01-24
leer_69fs17,LEER,69FS17,2025-01-24
leer_80fs17,LEER,80FS17,2025-01-24
leer_8fsd,LEER,8FSD,2025-01-24
leer_65fsd,LEER,65FSD,2025-01-24
leer_8fsds,LEER,8FSDS,2025-01-24
leer_65fsds,LEER,65FSDS,2025-01-24
leer_4afr24,LEER,4AFR24,2025-01-24
leer_4afr19,LEER,4AFR19,2025-01-24
leer_5afr19,LEER,5AFR19,2025-01-24
leer_56fst,LEER,56FST,2025-01-24
leer_75r,LEER,75R,2025-01-24
leer_45fm22,LEER,45FM22,2025-01-24
leer_64dr19_h,LEER,64DR19-H,2025-01-24
leer_64dr19_h,LEER,64DR09,2025-01-24
leer_64dr19_h,LEER,64DRQC09,2025-01-24
leer_64dr19_d,LEER,64DR19-D,2025-01-24
leer_64dr19_d,LEER,64DR09-D,2025-01-24
leer_64dr19_d,LEER,64DR19-H,2025-01-24
leer_80dr19_h,LEER,80DR19-H,2025-01-24
leer_80dr19_d,LEER,80DR19-D,2025-01-24
leer_57dr19,LEER,57DR19,2025-01-24
leer_64dr19,LEER,64DR19,2025-01-24
leer_80dr10,LEER,80DR10,2025-01-24
leer_80dr10_d,LEER,80DR10-D,2025-01-24
leer_57dr09,LEER,57DR09,2025-01-24
leer_64dr09,LEER,64DR09,2025-01-24
leer_64dr09,LEER,64DRQC09,2025-01-24
leer_64drqc09,LEER,64DRQC09,2025-01-24
leer_80dr09,LEER,80DR09,2025-01-24
leer_64drqc09_d,LEER,64DRQC09-D,2025-01-24
leer_64dr09_d,LEER,64DR09-D,2025-01-24
leer_64dr09_d,LEER,64DRQC09-D,2025-01-24
leer_80dr09_d,LEER,80DR09-D,2025-01-24
leer_65dr,LEER,65DR,2025-01-24
leer_8dr,LEER,8DR,2025-01-24
leer_67ddt,LEER,67DDT,2025-01-24
leer_81ddt,LEER,81DDT,2025-01-24
leer_67dd,LEER,67DD,2025-01-24
leer_81dd,LEER,81DD,2025-01-24
leer_81dk,LEER,81DK,2025-01-24
leer_50jg20,LEER,50JG20,2025-01-24
leer_67go20_h,LEER,67GO20-H,2025-01-24
leer_80go20_h,LEER,80GO20-H,2025-01-24
leer_67go20_hm,LEER,67GO20-HM,2025-01-24
leer_80go20_hm,LEER,80GO20-HM,2025-01-24
leer_58gso19,LEER,58GSO19,2025-01-24
leer_66gso19,LEER,66GSO19,2025-01-24
leer_80gso19,LEER,80GSO19,2025-01-24
leer_58gso19m,LEER,58GSO19M,2025-01-24
leer_66gso19m,LEER,66GSO19M,2025-01-24
leer_80gso19m,LEER,80GSO19M,2025-01-24
leer_67ga20_h,LEER,67GA20-H,2025-01-24
leer_80ga20_h,LEER,80GA20-H,2025-01-24
leer_67ga20_hm,LEER,67GA20-HM,2025-01-24
leer_80ga20_hm,LEER,80GA20-HM,2025-01-24
leer_58gsa19,LEER,58GSA19,2025-01-24
leer_66gsa19,LEER,66GSA19,2025-01-24
leer_80gsa19,LEER,80GSA19,2025-01-24
leer_58gsa19m,LEER,58GSA19M,2025-01-24
leer_66gsa19m,LEER,66GSA19M,2025-01-24
leer_66gs14,LEER,66GS14,2025-01-24
leer_80gs14,LEER,80GS14,2025-01-24
leer_80gsd15,LEER,80GSD15,2025-01-24
leer_58gs14,LEER,58GS14,2025-01-24
leer_58gs14,LEER,58GS16†,2025-01-24
leer_58gso,LEER,58GSO,2025-01-24
leer_58gsocc,LEER,58GSOCC,2025-01-24
leer_65gso,LEER,65GSO,2025-01-24
leer_65gsocc,LEER,65GSOCC,2025-01-24
leer_8gso,LEER,8GSO,2025-01-24
leer_8gsocc,LEER,8GSOCC,2025-01-24
leer_8gsd,LEER,8GSD,2025-01-24
leer_58gsa,LEER,58GSA,2025-01-24
leer_58gsacc,LEER,58GSACC,2025-01-24
leer_65gsa,LEER,65GSA,2025-01-24
leer_65gsacc,LEER,65GSACC,2025-01-24
leer_8gsa,LEER,8GSA,2025-01-24
leer_8gmt,LEER,8GMT,2025-01-24
leer_65gmt,LEER,65GMT,2025-01-24
leer_58gmtw,LEER,58GMTW,2025-01-24
leer_58gmt,LEER,58GMT,2025-01-24
leer_65gmtcc,LEER,65GMTCC,2025-01-24
leer_8gmthdd,LEER,8GMTHDD,2025-01-24
leer_8gmthdd,LEER,8GMT,2025-01-24
leer_52gl23,LEER,52GL23,2025-01-24
leer_52gn23,LEER,52GN23,2025-01-24
leer_52gc15,LEER,52GC15,2025-01-24
leer_62gccc15,LEER,62GCCC15,2025-01-24
leer_62gc15,LEER,62GC15,2025-01-24
leer_62gc15,LEER,62GCCC15,2025-01-24
leer_76gc,LEER,76GC,2025-01-24
leer_65gc,LEER,65GC,2025-01-24
leer_59scc,LEER,59SCC,2025-01-24
leer_90s,LEER,90S,2025-01-24
leer_75s,LEER,75S,2025-01-24
leer_76s,LEER,76S,2025-01-24
leer_75ss,LEER,75SS,2025-01-24
leer_56tt22,LEER,56TT22,2025-01-24
leer_66tt22,LEER,66TT22,2025-01-24
leer_81tt22,LEER,81TT22,2025-01-24
leer_56tt14,LEER,56TT14,2025-01-24
leer_66tt14,LEER,66TT14,2025-01-24
leer_80tt14,LEER,80TT14,2025-01-24
leer_55tt,LEER,55TT,2025-01-24
leer_65tt,LEER,65TT,2025-01-24
leer_65ttdc,LEER,65TTDC,2025-01-24
leer_8tt,LEER,8TT,2025-01-24
leer_8ttdc,LEER,8TTDC,2025-01-24
leer_52tc24,LEER,52TC24,2025-01-24
leer_62tc24,LEER,62TC24,2025-01-24
leer_62tc16,LEER,62TC16,2025-01-24
leer_62tc16,LEER,62TCDC16,2025-01-24
leer_62tcdc16,LEER,62TCDC16,2025-01-24
leer_62tcdc16,LEER,62TC16,2025-01-24
leer_52tcdc16,LEER,52TCDC16,2025-01-24
leer_52tcdc16,LEER,52TC16,2025-01-24
leer_64tcdc,LEER,64TCDC,2025-01-24
leer_77tcdc,LEER,77TCDC,2025-01-24
leer_77tc,LEER,77TC,2025-01-24
leer_77tcr,LEER,77TCR,2025-01-24
leer_63tcc,LEER,63TCC,2025-01-24
leer_51hr17,LEER,51HR17,2025-01-24
leer_59hr,LEER,59HR,2025-01-24
leer_66nt16,LEER,66NT16,2025-01-24
leer_80nt16,LEER,80NT16,2025-01-24
leer_56nt13,LEER,56NT13,2025-01-24
leer_65nt,LEER,65NT,2025-01-24
leer_55nt,LEER,55NT,2025-01-24
leer_60nf22,LEER,60NF22,2025-01-24
leer_50nf13,LEER,50NF13,2025-01-24
leer_61nf13,LEER,61NF13,2025-01-24
leer_62nf,LEER,62NF,2025-01-24
leer_76nf,LEER,76NF,2025-01-24
leer_75ih,LEER,75IH,2025-01-24
