fits_platform_id,topper_brand,topper_model_series,fit_type,wrap_type,has_skirted_sides,door_type,clamp_type_required,bed_size_class,camera_compatible,has_custom_fit,model_id_alias,fit_notes,confidence,verified_by,source_effective_date,topper_production_year_start,topper_production_year_end
leer_56ff21,LEER,100XQ,OEM,X,False,,S,SF,,True,,,100,manufacturer,2025-01-24,,
leer_56ff21,LEER,100XQ_SPORT,OEM,X,False,,S,SF,,True,,,100,manufacturer,2025-01-24,,
leer_56ff21,LEER,100XL,OEM,X,True,windoor_and_option2,S,SF,,True,,,100,manufacturer,2025-01-24,,
leer_56ff21,LEER,100XR,OEM,X,True,windoor_and_option2,S,SF,,True,,,100,manufacturer,2025-01-24,,
leer_56ff21,LEER,100R,OEM,X,True,windoor_and_option2,S,SF,,True,,,100,manufacturer,2025-01-24,,
leer_56ff21,LEER,Legend,OEM,X,True,windoor_and_option2,S,SF,,True,,,100,manufacturer,2025-01-24,,
leer_56ff21,LEER,100S,OEM,X,True,windoor_and_option2,S,SF,,True,,,100,manufacturer,2025-01-24,,
leer_56ff21,LEER,180,OEM,X,True,windoor_and_option2,S,SF,,True,,,100,manufacturer,2025-01-24,,
leer_56ff21,LEER,180XL,OEM,X,True,,S,SF,,True,,,100,manufacturer,2025-01-24,,
leer_56ff21,LEER,180XR,OEM,X,True,windoor_and_option2,S,SF,,True,,,100,manufacturer,2025-01-24,,
leer_56ff21,LEER,700,OEM,X,False,,S,SF,,True,,,100,manufacturer,2025-01-24,,
leer_66ff21,LEER,100XQ,OEM,X,False,,S,SF,,True,,,100,manufacturer,2025-01-24,,
leer_66ff21,LEER,100XL,OEM,X,True,windoor_and_option2,S,SF,,True,,,100,manufacturer,2025-01-24,,
leer_66ff21,LEER,100XR,OEM,X,True,windoor_and_option2,S,SF,,True,,,100,manufacturer,2025-01-24,,
leer_66ff21,LEER,100R,OEM,X,True,windoor_and_option2,S,SF,,True,,,100,manufacturer,2025-01-24,,
leer_66ff21,LEER,Legend,OEM,X,True,windoor_and_option2,S,SF,,True,,,100,manufacturer,2025-01-24,,
leer_66ff21,LEER,100S,OEM,X,True,windoor_and_option2,S,SF,,True,,,100,manufacturer,2025-01-24,,
leer_66ff21,LEER,180,OEM,X,True,windoor_and_option2,S,SF,,True,,,100,manufacturer,2025-01-24,,
leer_66ff21,LEER,180XL,OEM,X,True,,S,SF,,True,,,100,manufacturer,2025-01-24,,
leer_66ff21,LEER,180XR,OEM,X,True,windoor_and_option2,S,SF,,True,,,100,manufacturer,2025-01-24,,
leer_66ff21,LEER,122,OEM,X,True,,S,SF,,True,,,100,manufacturer,2025-01-24,,
leer_66ff21,LEER,750_SPORT,OEM,X,False,,S,SF,,True,,,100,manufacturer,2025-01-24,,
leer_66ff21,LEER,700,OEM,X,False,,S,SF,,True,,,100,manufacturer,2025-01-24,,
leer_80ff21,LEER,100XL,OEM,X,True,windoor_and_option2,S,SF,,True,,,100,manufacturer,2025-01-24,,
leer_80ff21,LEER,100XR,OEM,X,True,windoor_and_option2,S,SF,,True,,,100,manufacturer,2025-01-24,,
leer_80ff21,LEER,100R,OEM,X,True,windoor_and_option2,S,SF,,True,,,100,manufacturer,2025-01-24,,
leer_80ff21,LEER,Legend,OEM,X,True,windoor_and_option2,S,SF,,True,,,100,manufacturer,2025-01-24,,
leer_80ff21,LEER,100S,OEM,X,True,windoor_and_option2,S,SF,,True,,,100,manufacturer,2025-01-24,,
leer_80ff21,LEER,180,OEM,X,True,windoor_and_option2,S,SF,,True,,,100,manufacturer,2025-01-24,,
leer_56ff21m,LEER,100XQ,OEM,X,False,,S,SF,,True,,,100,manufacturer,2025-01-24,,
leer_56ff21m,LEER,100XQ_SPORT,OEM,X,False,,S,SF,,True,,,100,manufacturer,2025-01-24,,
leer_56ff21m,LEER,100XL,OEM,X,False,,S,SF,,True,,,100,manufacturer,2025-01-24,,
leer_56ff21m,LEER,100XR,OEM,X,False,windoor_and_option2,S,SF,,True,,,100,manufacturer,2025-01-24,,
leer_56ff21m,LEER,100R,OEM,X,False,windoor_and_option2,S,SF,,True,,,100,manufacturer,2025-01-24,,
leer_56ff21m,LEER,100S,OEM,X,False,windoor_and_option2,S,SF,,True,,,100,manufacturer,2025-01-24,,
leer_56ff21m,LEER,180,OEM,X,False,windoor_and_option2,S,SF,,True,,,100,manufacturer,2025-01-24,,
leer_56ff21m,LEER,180XL,OEM,X,False,,S,SF,,True,,,100,manufacturer,2025-01-24,,
leer_56ff21m,LEER,180XR,OEM,X,False,windoor_and_option2,S,SF,,True,,,100,manufacturer,2025-01-24,,
leer_66ff21m,LEER,100XQ,OEM,X,False,,S,SF,,True,,,100,manufacturer,2025-01-24,,
leer_66ff21m,LEER,100XL,OEM,X,False,,S,SF,,True,,,100,manufacturer,2025-01-24,,
leer_66ff21m,LEER,100XR,OEM,X,False,windoor_and_option2,S,SF,,True,,,100,manufacturer,2025-01-24,,
leer_66ff21m,LEER,100R,OEM,X,False,windoor_and_option2,S,SF,,True,,,100,manufacturer,2025-01-24,,
leer_66ff21m,LEER,100S,OEM,X,False,windoor_and_option2,S,SF,,True,,,100,manufacturer,2025-01-24,,
leer_66ff21m,LEER,180,OEM,X,False,windoor_and_option2,S,SF,,True,,,100,manufacturer,2025-01-24,,
leer_66ff21m,LEER,180XL,OEM,X,False,,S,SF,,True,,,100,manufacturer,2025-01-24,,
leer_66ff21m,LEER,180XR,OEM,X,False,windoor_and_option2,S,SF,,True,,,100,manufacturer,2025-01-24,,
leer_66ff21m,LEER,122,OEM,X,False,,S,SF,,True,,,100,manufacturer,2025-01-24,,
leer_80ff21m,LEER,100XL,OEM,X,False,,S,SF,,True,,,100,manufacturer,2025-01-24,,
leer_80ff21m,LEER,100XR,OEM,X,False,windoor_and_option2,S,SF,,True,,,100,manufacturer,2025-01-24,,
leer_80ff21m,LEER,100R,OEM,X,False,windoor_and_option2,S,SF,,True,,,100,manufacturer,2025-01-24,,
leer_80ff21m,LEER,100S,OEM,X,False,windoor_and_option2,S,SF,,True,,,100,manufacturer,2025-01-24,,
leer_80ff21m,LEER,180,OEM,X,False,windoor_and_option2,S,SF,,True,,,100,manufacturer,2025-01-24,,
leer_56frpt17,LEER,100XQ,aliased,X,,,S,SF,,True,56FF15,,80,manufacturer,2025-01-24,,
leer_56frpt17,LEER,100XL,aliased,X,,,S,SF,,True,56FF15,,80,manufacturer,2025-01-24,,
leer_56frpt17,LEER,100XR,aliased,X,,,S,SF,,True,56FF15,,80,manufacturer,2025-01-24,,
leer_56frpt17,LEER,100R,aliased,X,,,S,SF,,True,56FF15,,80,manufacturer,2025-01-24,,
leer_56frpt17,LEER,Legend,aliased,X,,,S,SF,,True,56FF15,,80,manufacturer,2025-01-24,,
leer_56frpt17,LEER,180,aliased,X,,,S,SF,,True,56FF15,,80,manufacturer,2025-01-24,,
leer_56frpt17,LEER,180XL,aliased,X,,,S,SF,,True,56FF15,,80,manufacturer,2025-01-24,,
leer_56frpt17,LEER,180XR,aliased,X,,,S,SF,,True,56FF15,,80,manufacturer,2025-01-24,,
leer_56ff15,LEER,100XQ,OEM,X,True,,S,SF,,True,,,100,manufacturer,2025-01-24,,
leer_56ff15,LEER,100XQ_SPORT,OEM,X,True,,S,SF,,True,,,100,manufacturer,2025-01-24,,
leer_56ff15,LEER,100XL,OEM,X,True,,S,SF,,True,,,100,manufacturer,2025-01-24,,
leer_56ff15,LEER,100XR,OEM,X,True,windoor_and_option2,S,SF,,True,,,100,manufacturer,2025-01-24,,
leer_56ff15,LEER,100R,OEM,X,True,windoor_and_option2,S,SF,,True,,,100,manufacturer,2025-01-24,,
leer_56ff15,LEER,Legend,OEM,X,True,,S,SF,,True,,,100,manufacturer,2025-01-24,,
leer_56ff15,LEER,180,OEM,X,True,windoor_and_option2,S,SF,,True,,,100,manufacturer,2025-01-24,,
leer_56ff15,LEER,180XL,OEM,X,True,,S,SF,,True,,,100,manufacturer,2025-01-24,,
leer_56ff15,LEER,180XR,OEM,X,True,windoor_and_option2,S,SF,,True,,,100,manufacturer,2025-01-24,,
leer_56ff15,LEER,700,OEM,X,True,,S,SF,,True,,,100,manufacturer,2025-01-24,,
leer_66ff15,LEER,100XQ,OEM,X,True,,S,SF,,True,,,100,manufacturer,2025-01-24,,
leer_66ff15,LEER,100XQ_SPORT,OEM,X,True,,S,SF,,True,,,100,manufacturer,2025-01-24,,
leer_66ff15,LEER,100XL,OEM,X,True,,S,SF,,True,,,100,manufacturer,2025-01-24,,
leer_66ff15,LEER,100XR,OEM,X,True,windoor_and_option2,S,SF,,True,,,100,manufacturer,2025-01-24,,
leer_66ff15,LEER,100R,OEM,X,True,windoor_and_option2,S,SF,,True,,,100,manufacturer,2025-01-24,,
leer_66ff15,LEER,Legend,OEM,X,True,,S,SF,,True,,,100,manufacturer,2025-01-24,,
leer_66ff15,LEER,180,OEM,X,True,windoor_and_option2,S,SF,,True,,,100,manufacturer,2025-01-24,,
leer_66ff15,LEER,180XL,OEM,X,True,,S,SF,,True,,,100,manufacturer,2025-01-24,,
leer_66ff15,LEER,180XR,OEM,X,True,windoor_and_option2,S,SF,,True,,,100,manufacturer,2025-01-24,,
leer_66ff15,LEER,700,OEM,X,True,,S,SF,,True,,,100,manufacturer,2025-01-24,,
leer_80ff15,LEER,100R,OEM,X,True,windoor_and_option2,S,LF,,True,,,100,manufacturer,2025-01-24,,
leer_80ff15,LEER,Legend,OEM,X,True,,S,LF,,True,,,100,manufacturer,2025-01-24,,
leer_80ff15,LEER,180,OEM,X,True,windoor_and_option2,S,LF,,True,,,100,manufacturer,2025-01-24,,
leer_56ff09,LEER,100XL,OEM,X,True,,S,SF,,True,,,100,manufacturer,2025-01-24,,
leer_56ff09,LEER,100XR,OEM,X,True,windoor_and_option2,S,SF,,True,,,100,manufacturer,2025-01-24,,
leer_56ff09,LEER,100R,OEM,X,True,windoor_and_option2,S,SF,,True,,,100,manufacturer,2025-01-24,,
leer_56ff09,LEER,Legend,OEM,X,True,,S,SF,,True,,,100,manufacturer,2025-01-24,,
leer_56ff09,LEER,180,OEM,X,True,windoor_and_option2,S,SF,,True,,,100,manufacturer,2025-01-24,,
leer_66ff09,LEER,100XL,OEM,X,True,,T,SF,,True,,,100,manufacturer,2025-01-24,,
leer_66ff09,LEER,100XR,OEM,X,True,windoor_and_option2,T,SF,,True,,,100,manufacturer,2025-01-24,,
leer_66ff09,LEER,100R,OEM,X,True,windoor_and_option2,T,SF,,True,,,100,manufacturer,2025-01-24,,
leer_66ff09,LEER,Legend,OEM,X,True,,T,SF,,True,,,100,manufacturer,2025-01-24,,
leer_66ff09,LEER,180,OEM,X,True,windoor_and_option2,T,SF,,True,,,100,manufacturer,2025-01-24,,
leer_80ff09,LEER,100R,OEM,X,True,windoor_and_option2,S,LF,,True,,,100,manufacturer,2025-01-24,,
leer_80ff09,LEER,Legend,OEM,X,True,,S,LF,,True,,,100,manufacturer,2025-01-24,,
leer_55ff,LEER,100R,OEM,X,True,windoor_and_option2,S,SF,,True,,,100,manufacturer,2025-01-24,,
leer_55ff,LEER,Legend,OEM,X,True,,S,SF,,True,,,100,manufacturer,2025-01-24,,
leer_65ff,LEER,100R,OEM,X,True,windoor_and_option2,T,SF,,True,,,100,manufacturer,2025-01-24,,
leer_65ff,LEER,Legend,OEM,X,True,,T,SF,,True,,,100,manufacturer,2025-01-24,,
leer_69fs23,LEER,100XQ,OEM,X,True,,S,SS,,True,,,100,manufacturer,2025-01-24,,
leer_69fs23,LEER,100XL,OEM,X,True,,S,SS,,True,,,100,manufacturer,2025-01-24,,
leer_69fs23,LEER,100XR,OEM,X,True,windoor_and_option2,S,SS,,True,,,100,manufacturer,2025-01-24,,
leer_69fs23,LEER,100R,OEM,X,True,windoor_and_option2,S,SS,,True,,,100,manufacturer,2025-01-24,,
leer_69fs23,LEER,100S,OEM,X,True,windoor_and_option2,S,SS,,True,,,100,manufacturer,2025-01-24,,
leer_69fs23,LEER,180,OEM,X,True,windoor_and_option2,S,SS,,True,,,100,manufacturer,2025-01-24,,
leer_69fs23,LEER,122,OEM,X,True,windoor_and_option2,S,SS,,True,,,100,manufacturer,2025-01-24,,
leer_69fs23,LEER,700,OEM,X,True,,S,SS,,True,,,100,manufacturer,2025-01-24,,
leer_80fs23,LEER,100XQ,OEM,X,True,,S,LS,,True,,,100,manufacturer,2025-01-24,,
leer_80fs23,LEER,100XL,OEM,X,True,,S,LS,,True,,,100,manufacturer,2025-01-24,,
leer_80fs23,LEER,100XR,OEM,X,True,windoor_and_option2,S,LS,,True,,,100,manufacturer,2025-01-24,,
leer_80fs23,LEER,100R,OEM,X,True,windoor_and_option2,S,LS,,True,,,100,manufacturer,2025-01-24,,
leer_80fs23,LEER,100S,OEM,X,True,windoor_and_option2,S,LS,,True,,,100,manufacturer,2025-01-24,,
leer_80fs23,LEER,180,OEM,X,True,windoor_and_option2,S,LS,,True,,,100,manufacturer,2025-01-24,,
leer_80fs23,LEER,122,OEM,X,True,windoor_and_option2,S,LS,,True,,,100,manufacturer,2025-01-24,,
leer_69fs17,LEER,100XQ,OEM,X,True,,S,SS,,True,,,100,manufacturer,2025-01-24,,
leer_69fs17,LEER,100XL,OEM,X,True,,S,SS,,True,,,100,manufacturer,2025-01-24,,
leer_69fs17,LEER,100XR,OEM,X,True,windoor_and_option2,S,SS,,True,,,100,manufacturer,2025-01-24,,
leer_69fs17,LEER,100R,OEM,X,True,windoor_and_option2,S,SS,,True,,,100,manufacturer,2025-01-24,,
leer_69fs17,LEER,Legend,OEM,X,True,,S,SS,,True,,,100,manufacturer,2025-01-24,,
leer_69fs17,LEER,100S,OEM,X,True,windoor_and_option2,S,SS,,True,,,100,manufacturer,2025-01-24,,
leer_69fs17,LEER,180,OEM,X,True,windoor_and_option2,S,SS,,True,,,100,manufacturer,2025-01-24,,
leer_69fs17,LEER,122,OEM,X,True,windoor_and_option2,S,SS,,True,,,100,manufacturer,2025-01-24,,
leer_69fs17,LEER,700,OEM,X,True,,S,SS,,True,,,100,manufacturer,2025-01-24,,
leer_80fs17,LEER,100XQ,OEM,X,True,,S,LS,,True,,,100,manufacturer,2025-01-24,,
leer_80fs17,LEER,100XL,OEM,X,True,,S,LS,,True,,,100,manufacturer,2025-01-24,,
leer_80fs17,LEER,100XR,OEM,X,True,windoor_and_option2,S,LS,,True,,,100,manufacturer,2025-01-24,,
leer_80fs17,LEER,100R,OEM,X,True,windoor_and_option2,S,LS,,True,,,100,manufacturer,2025-01-24,,
leer_80fs17,LEER,Legend,OEM,X,True,,S,LS,,True,,,100,manufacturer,2025-01-24,,
leer_80fs17,LEER,100S,OEM,X,True,windoor_and_option2,S,LS,,True,,,100,manufacturer,2025-01-24,,
leer_80fs17,LEER,180,OEM,X,True,windoor_and_option2,S,LS,,True,,,100,manufacturer,2025-01-24,,
leer_80fs17,LEER,122,OEM,X,True,windoor_and_option2,S,LS,,True,,,100,manufacturer,2025-01-24,,
leer_8fsd,LEER,100R,OEM,X,True,windoor_and_option2,S,LS,,True,,,100,manufacturer,2025-01-24,,
leer_8fsd,LEER,Legend,OEM,X,True,,S,LS,,True,,,100,manufacturer,2025-01-24,,
leer_65fsd,LEER,100R,OEM,X,True,windoor_and_option2,S,SS,,True,,,100,manufacturer,2025-01-24,,
leer_65fsd,LEER,Legend,OEM,X,True,,S,SS,,True,,,100,manufacturer,2025-01-24,,
leer_8fsds,LEER,100R,OEM,X,True,windoor_and_option2,S,LS,,True,,,100,manufacturer,2025-01-24,,
leer_8fsds,LEER,Legend,OEM,X,True,,S,LS,,True,,,100,manufacturer,2025-01-24,,
leer_65fsds,LEER,100R,OEM,X,True,windoor_and_option2,S,SS,,True,,,100,manufacturer,2025-01-24,,
leer_65fsds,LEER,Legend,OEM,X,True,,S,SS,,True,,,100,manufacturer,2025-01-24,,
leer_4afr24,LEER,100XL,OEM,X,True,,**,FR,,True,,,100,manufacturer,2025-01-24,,
leer_4afr24,LEER,100XR,OEM,X,True,windoor,**,FR,,True,,,100,manufacturer,2025-01-24,,
leer_4afr24,LEER,100R,OEM,X,True,windoor,**,FR,,True,,,100,manufacturer,2025-01-24,,
leer_4afr24,LEER,180,OEM,X,True,windoor,**,FR,,True,,,100,manufacturer,2025-01-24,,
leer_4afr24,LEER,700,OEM,X,True,,**,FR,,True,,,100,manufacturer,2025-01-24,,
leer_4afr19,LEER,100XL,OEM,X,True,,S,SC,,True,,,100,manufacturer,2025-01-24,,
leer_4afr19,LEER,100XR,OEM,X,True,windoor,S,SC,,True,,,100,manufacturer,2025-01-24,,
leer_4afr19,LEER,100R,OEM,X,True,windoor,S,SC,,True,,,100,manufacturer,2025-01-24,,
leer_4afr19,LEER,Legend,OEM,X,True,,S,SC,,True,,,100,manufacturer,2025-01-24,,
leer_4afr19,LEER,100S,OEM,X,True,windoor,S,SC,,True,,,100,manufacturer,2025-01-24,,
leer_4afr19,LEER,180,OEM,X,True,windoor,S,SC,,True,,,100,manufacturer,2025-01-24,,
leer_4afr19,LEER,700,OEM,X,True,,S,SC,,True,,,100,manufacturer,2025-01-24,,
leer_5afr19,LEER,100XL,OEM,X,True,,S,SC,,True,,,100,manufacturer,2025-01-24,,
leer_5afr19,LEER,100XR,OEM,X,True,windoor,S,SC,,True,,,100,manufacturer,2025-01-24,,
leer_5afr19,LEER,100R,OEM,X,True,windoor,S,SC,,True,,,100,manufacturer,2025-01-24,,
leer_5afr19,LEER,Legend,OEM,X,True,,S,SC,,True,,,100,manufacturer,2025-01-24,,
leer_5afr19,LEER,100S,OEM,X,True,windoor,S,SC,,True,,,100,manufacturer,2025-01-24,,
leer_5afr19,LEER,180,OEM,X,True,windoor,S,SC,,True,,,100,manufacturer,2025-01-24,,
leer_45fm22,LEER,100XQ_SPORT,OEM,X,True,,S,SC,,True,,,100,manufacturer,2025-01-24,,
leer_45fm22,LEER,180,OEM,X,True,windoor,S,SC,,True,,,100,manufacturer,2025-01-24,,
leer_45fm22,LEER,180XL,OEM,X,True,,S,SC,,True,,,100,manufacturer,2025-01-24,,
leer_64dr19_h,LEER,100XQ_SPORT,aliased,X,,,S,SF,,True,64DR09,,80,manufacturer,2025-01-24,,
leer_64dr19_h,LEER,100XL,aliased,X,,,S,SF,,True,64DR09,,80,manufacturer,2025-01-24,,
leer_64dr19_h,LEER,100XR,OEM,X,False,windoor_and_option2,S,SF,,True,,,100,manufacturer,2025-01-24,,
leer_64dr19_h,LEER,100R,OEM,X,True,,S,SF,,True,,,100,manufacturer,2025-01-24,,
leer_64dr19_h,LEER,Legend,OEM,X,True,windoor_and_option2,S,SF,,True,,,100,manufacturer,2025-01-24,,
leer_64dr19_h,LEER,100S,aliased,X,,,S,SF,,True,64DRQC09,,80,manufacturer,2025-01-24,,
leer_64dr19_h,LEER,180XR,aliased,X,,,S,SF,,True,64DRQC09,,80,manufacturer,2025-01-24,,
leer_64dr19_h,LEER,750_SPORT,aliased,X,,,S,SF,,True,64DR09,,80,manufacturer,2025-01-24,,
leer_64dr19_h,LEER,700,aliased,X,,,S,SF,,True,64DR09,,80,manufacturer,2025-01-24,,
leer_64dr19_d,LEER,100XQ_SPORT,aliased,X,,,S,SF,,True,64DR09-D,,80,manufacturer,2025-01-24,,
leer_64dr19_d,LEER,100XL,aliased,X,,,S,SF,,True,64DR09-D,,80,manufacturer,2025-01-24,,
leer_64dr19_d,LEER,100XR,aliased,X,,,S,SF,,True,64DR19-H,,80,manufacturer,2025-01-24,,
leer_64dr19_d,LEER,100R,aliased,X,,,S,SF,,True,64DR19-H,,80,manufacturer,2025-01-24,,
leer_80dr19_h,LEER,Legend,OEM,X,True,windoor_and_option2,S,LF,,True,,,100,manufacturer,2025-01-24,,
leer_57dr19,LEER,100XQ,OEM,X,True,,S,SF,,True,,,100,manufacturer,2025-01-24,,
leer_57dr19,LEER,100XQ_SPORT,OEM,X,True,,S,SF,,True,,,100,manufacturer,2025-01-24,,
leer_57dr19,LEER,100XL,OEM,X,True,windoor_and_option2,S,SF,,True,,,100,manufacturer,2025-01-24,,
leer_57dr19,LEER,100XR,OEM,X,True,windoor_and_option2,S,SF,,True,,,100,manufacturer,2025-01-24,,
leer_57dr19,LEER,100R,OEM,X,True,,S,SF,,True,,,100,manufacturer,2025-01-24,,
leer_57dr19,LEER,Legend,OEM,X,True,windoor_and_option2,S,SF,,True,,,100,manufacturer,2025-01-24,,
leer_57dr19,LEER,100S,OEM,X,True,windoor_and_option2,S,SF,,True,,,100,manufacturer,2025-01-24,,
leer_57dr19,LEER,122,OEM,X,True,,S,SF,,True,,,100,manufacturer,2025-01-24,,
leer_57dr19,LEER,750_SPORT,OEM,X,True,,S,SF,,True,,,100,manufacturer,2025-01-24,,
leer_57dr19,LEER,700,OEM,X,True,,S,SF,,True,,,100,manufacturer,2025-01-24,,
leer_64dr19,LEER,100XQ_SPORT,OEM,X,True,,S,SF,,True,,,100,manufacturer,2025-01-24,,
leer_64dr19,LEER,100XL,OEM,X,True,windoor_and_option2,S,SF,,True,,,100,manufacturer,2025-01-24,,
leer_64dr19,LEER,100XR,OEM,X,True,windoor_and_option2,S,SF,,True,,,100,manufacturer,2025-01-24,,
leer_64dr19,LEER,100R,OEM,X,True,,S,SF,,True,,,100,manufacturer,2025-01-24,,
leer_64dr19,LEER,Legend,OEM,X,True,windoor_and_option2,S,SF,,True,,,100,manufacturer,2025-01-24,,
leer_64dr19,LEER,100S,OEM,X,True,windoor_and_option2,S,SF,,True,,,100,manufacturer,2025-01-24,,
leer_64dr19,LEER,180XR,OEM,X,True,windoor_and_option2,S,SF,,True,,,100,manufacturer,2025-01-24,,
leer_64dr19,LEER,750_SPORT,OEM,X,True,,S,SF,,True,,,100,manufacturer,2025-01-24,,
leer_57dr09,LEER,100XQ_SPORT,OEM,X,True,,S,SF,,True,,,100,manufacturer,2025-01-24,,
leer_57dr09,LEER,100XL,OEM,X,True,windoor_and_option2,S,SF,,True,,,100,manufacturer,2025-01-24,,
leer_57dr09,LEER,100XR,OEM,X,True,windoor_and_option2,S,SF,,True,,,100,manufacturer,2025-01-24,,
leer_57dr09,LEER,100R,OEM,X,True,,S,SF,,True,,,100,manufacturer,2025-01-24,,
leer_57dr09,LEER,100S,OEM,X,True,windoor_and_option2,S,SF,,True,,,100,manufacturer,2025-01-24,,
leer_57dr09,LEER,122,OEM,X,True,windoor,S,SF,,True,,,100,manufacturer,2025-01-24,,
leer_57dr09,LEER,750_SPORT,OEM,X,True,,S,SF,,True,,,100,manufacturer,2025-01-24,,
leer_57dr09,LEER,700,OEM,X,True,,S,SF,,True,,,100,manufacturer,2025-01-24,,
leer_64dr09,LEER,100XQ_SPORT,OEM,X,True,,S,SF,,True,,,100,manufacturer,2025-01-24,,
leer_64dr09,LEER,100XL,OEM,X,True,windoor_and_option2,S,SF,,True,,,100,manufacturer,2025-01-24,,
leer_64dr09,LEER,100XR,OEM,X,True,windoor_and_option2,S,SF,,True,,,100,manufacturer,2025-01-24,,
leer_64dr09,LEER,100R,OEM,X,True,,S,SF,,True,,,100,manufacturer,2025-01-24,,
leer_64dr09,LEER,100S,aliased,X,,,S,SF,,True,64DRQC09,,80,manufacturer,2025-01-24,,
leer_64dr09,LEER,180XR,aliased,X,,,S,SF,,True,64DRQC09,,80,manufacturer,2025-01-24,,
leer_64dr09,LEER,750_SPORT,OEM,X,True,,S,SF,,True,,,100,manufacturer,2025-01-24,,
leer_64dr09,LEER,700,OEM,X,True,,S,SF,,True,,,100,manufacturer,2025-01-24,,
leer_64drqc09,LEER,100XQ_SPORT,OEM,X,True,,S,SF,,True,,,100,manufacturer,2025-01-24,,
leer_64drqc09,LEER,100XL,OEM,X,True,windoor_and_option2,S,SF,,True,,,100,manufacturer,2025-01-24,,
leer_64drqc09,LEER,100XR,OEM,X,True,windoor_and_option2,S,SF,,True,,,100,manufacturer,2025-01-24,,
leer_64drqc09,LEER,100R,OEM,X,True,,S,SF,,True,,,100,manufacturer,2025-01-24,,
leer_64drqc09,LEER,100S,OEM,X,True,windoor_and_option2,S,SF,,True,,,100,manufacturer,2025-01-24,,
leer_64drqc09,LEER,180XR,OEM,X,True,windoor_and_option2,S,SF,,True,,,100,manufacturer,2025-01-24,,
leer_80dr09,LEER,100XR,OEM,X,True,windoor_and_option2,S,LF,,True,,,100,manufacturer,2025-01-24,,
leer_80dr09,LEER,100R,OEM,X,True,,S,LF,,True,,,100,manufacturer,2025-01-24,,
leer_80dr09,LEER,180XR,OEM,X,True,windoor_and_option2,S,LF,,True,,,100,manufacturer,2025-01-24,,
leer_64dr09_d,LEER,100XQ_SPORT,OEM,X,True,,S,SF,,True,,,100,manufacturer,2025-01-24,,
leer_64dr09_d,LEER,100XL,OEM,X,True,,S,SF,,True,,,100,manufacturer,2025-01-24,,
leer_64dr09_d,LEER,100XR,OEM,X,True,,S,SF,,True,,,100,manufacturer,2025-01-24,,
leer_64dr09_d,LEER,100R,OEM,X,True,,S,SF,,True,,,100,manufacturer,2025-01-24,,
leer_64dr09_d,LEER,100S,aliased,X,,,S,SF,,True,64DRQC09-D,,80,manufacturer,2025-01-24,,
leer_64dr09_d,LEER,180XR,aliased,X,,,S,SF,,True,64DRQC09-D,,80,manufacturer,2025-01-24,,
leer_80dr09_d,LEER,100XR,OEM,X,True,,S,LF,,True,,,100,manufacturer,2025-01-24,,
leer_80dr09_d,LEER,100R,OEM,X,True,,S,LF,,True,,,100,manufacturer,2025-01-24,,
leer_80dr09_d,LEER,180XR,OEM,X,True,windoor_and_option2,S,LF,,True,,,100,manufacturer,2025-01-24,,
leer_65dr,LEER,100XQ_SPORT,OEM,X,True,,S,SF,,True,,,100,manufacturer,2025-01-24,,
leer_65dr,LEER,100XL,OEM,X,True,windoor_and_option2,S,SF,,True,,,100,manufacturer,2025-01-24,,
leer_65dr,LEER,100XR,OEM,X,True,windoor_and_option2,S,SF,,True,,,100,manufacturer,2025-01-24,,
leer_65dr,LEER,100R,OEM,X,True,,S,SF,,True,,,100,manufacturer,2025-01-24,,
leer_8dr,LEER,100XQ_SPORT,OEM,X,True,,S,LF,,True,,,100,manufacturer,2025-01-24,,
leer_8dr,LEER,100XL,OEM,X,True,windoor_and_option2,S,LF,,True,,,100,manufacturer,2025-01-24,,
leer_8dr,LEER,100XR,OEM,X,True,windoor_and_option2,S,LF,,True,,,100,manufacturer,2025-01-24,,
leer_8dr,LEER,100R,OEM,X,True,,S,LF,,True,,,100,manufacturer,2025-01-24,,
leer_50jg20,LEER,100XQ,OEM,X,False,,S,SC,,True,,,100,manufacturer,2025-01-24,,
leer_50jg20,LEER,100S,OEM,X,False,,S,SC,,True,,,100,manufacturer,2025-01-24,,
leer_67go20_h,LEER,100XL,OEM,X,True,,S,SF,,True,,,100,manufacturer,2025-01-24,,
leer_67go20_h,LEER,100XR,OEM,X,True,windoor_and_option2,S,SF,,True,,,100,manufacturer,2025-01-24,,
leer_67go20_h,LEER,100R,OEM,X,True,windoor_and_option2,S,SF,,True,,,100,manufacturer,2025-01-24,,
leer_67go20_h,LEER,Legend,OEM,X,True,,S,SF,,True,,,100,manufacturer,2025-01-24,,
leer_67go20_h,LEER,100S,OEM,X,True,windoor_and_option2,S,SF,,True,,,100,manufacturer,2025-01-24,,
leer_67go20_h,LEER,180,OEM,X,True,windoor_and_option2,S,SF,,True,,,100,manufacturer,2025-01-24,,
leer_80go20_h,LEER,100XL,OEM,X,True,,S,LF,,True,,,100,manufacturer,2025-01-24,,
leer_80go20_h,LEER,100XR,OEM,X,True,windoor_and_option2,S,LF,,True,,,100,manufacturer,2025-01-24,,
leer_80go20_h,LEER,100S,OEM,X,True,windoor_and_option2,S,LF,,True,,,100,manufacturer,2025-01-24,,
leer_80go20_h,LEER,180,OEM,X,True,windoor_and_option2,S,LF,,True,,,100,manufacturer,2025-01-24,,
leer_67go20_hm,LEER,100XL,OEM,X,True,,S,SF,,True,,,100,manufacturer,2025-01-24,,
leer_67go20_hm,LEER,100XR,OEM,X,True,windoor_and_option2,S,SF,,True,,,100,manufacturer,2025-01-24,,
leer_67go20_hm,LEER,100R,OEM,X,True,windoor_and_option2,S,SF,,True,,,100,manufacturer,2025-01-24,,
leer_67go20_hm,LEER,100S,OEM,X,True,windoor_and_option2,S,SF,,True,,,100,manufacturer,2025-01-24,,
leer_67go20_hm,LEER,180,OEM,X,True,windoor_and_option2,S,SF,,True,,,100,manufacturer,2025-01-24,,
leer_80go20_hm,LEER,100XL,OEM,X,True,,S,LF,,True,,,100,manufacturer,2025-01-24,,
leer_80go20_hm,LEER,100XR,OEM,X,True,windoor_and_option2,S,LF,,True,,,100,manufacturer,2025-01-24,,
leer_80go20_hm,LEER,100S,OEM,X,True,windoor_and_option2,S,LF,,True,,,100,manufacturer,2025-01-24,,
leer_80go20_hm,LEER,180,OEM,X,True,windoor_and_option2,S,LF,,True,,,100,manufacturer,2025-01-24,,
leer_58gso19,LEER,100XQ,OEM,X,True,,S,SF,,True,,,100,manufacturer,2025-01-24,,
leer_58gso19,LEER,100XQ_SPORT,OEM,X,True,,S,SF,,True,,,100,manufacturer,2025-01-24,,
leer_58gso19,LEER,100XL,OEM,X,True,,S,SF,,True,,,100,manufacturer,2025-01-24,,
leer_58gso19,LEER,100XR,OEM,X,True,windoor_and_option2,S,SF,,True,,,100,manufacturer,2025-01-24,,
leer_58gso19,LEER,100R,OEM,X,True,windoor_and_option2,S,SF,,True,,,100,manufacturer,2025-01-24,,
leer_58gso19,LEER,Legend,OEM,X,True,,S,SF,,True,,,100,manufacturer,2025-01-24,,
leer_58gso19,LEER,100S,OEM,X,True,windoor_and_option2,S,SF,,True,,,100,manufacturer,2025-01-24,,
leer_58gso19,LEER,180,OEM,X,True,windoor_and_option2,S,SF,,True,,,100,manufacturer,2025-01-24,,
leer_58gso19,LEER,700,OEM,X,True,,S,SF,,True,,,100,manufacturer,2025-01-24,,
leer_58gso19,LEER,550,OEM,X,True,,S,SF,,True,,,100,manufacturer,2025-01-24,,
leer_66gso19,LEER,100XQ,OEM,X,True,,S,SF,,True,,,100,manufacturer,2025-01-24,,
leer_66gso19,LEER,100XL,OEM,X,True,,S,SF,,True,,,100,manufacturer,2025-01-24,,
leer_66gso19,LEER,100XR,OEM,X,True,windoor_and_option2,S,SF,,True,,,100,manufacturer,2025-01-24,,
leer_66gso19,LEER,100R,OEM,X,True,windoor_and_option2,S,SF,,True,,,100,manufacturer,2025-01-24,,
leer_66gso19,LEER,Legend,OEM,X,True,,S,SF,,True,,,100,manufacturer,2025-01-24,,
leer_66gso19,LEER,100S,OEM,X,True,windoor_and_option2,S,SF,,True,,,100,manufacturer,2025-01-24,,
leer_66gso19,LEER,180,OEM,X,True,windoor_and_option2,S,SF,,True,,,100,manufacturer,2025-01-24,,
leer_66gso19,LEER,180XL,OEM,X,True,,S,SF,,True,,,100,manufacturer,2025-01-24,,
leer_66gso19,LEER,180XR,OEM,X,True,windoor_and_option2,S,SF,,True,,,100,manufacturer,2025-01-24,,
leer_66gso19,LEER,122,OEM,X,True,windoor_and_option2,S,SF,,True,,,100,manufacturer,2025-01-24,,
leer_66gso19,LEER,700,OEM,X,True,,S,SF,,True,,,100,manufacturer,2025-01-24,,
leer_80gso19,LEER,100XL,OEM,X,True,,S,LF,,True,,,100,manufacturer,2025-01-24,,
leer_80gso19,LEER,100XR,OEM,X,True,windoor_and_option2,S,LF,,True,,,100,manufacturer,2025-01-24,,
leer_80gso19,LEER,100R,OEM,X,True,windoor_and_option2,S,LF,,True,,,100,manufacturer,2025-01-24,,
leer_80gso19,LEER,Legend,OEM,X,True,,S,LF,,True,,,100,manufacturer,2025-01-24,,
leer_80gso19,LEER,100S,OEM,X,True,windoor_and_option2,S,LF,,True,,,100,manufacturer,2025-01-24,,
leer_80gso19,LEER,180,OEM,X,True,windoor_and_option2,S,LF,,True,,,100,manufacturer,2025-01-24,,
leer_58gso19m,LEER,100XQ,OEM,X,True,,S,SF,,True,,,100,manufacturer,2025-01-24,,
leer_58gso19m,LEER,100XQ_SPORT,OEM,X,True,,S,SF,,True,,,100,manufacturer,2025-01-24,,
leer_58gso19m,LEER,100XL,OEM,X,True,,S,SF,,True,,,100,manufacturer,2025-01-24,,
leer_58gso19m,LEER,100XR,OEM,X,True,windoor_and_option2,S,SF,,True,,,100,manufacturer,2025-01-24,,
leer_58gso19m,LEER,100R,OEM,X,True,windoor_and_option2,S,SF,,True,,,100,manufacturer,2025-01-24,,
leer_58gso19m,LEER,Legend,OEM,X,True,,S,SF,,True,,,100,manufacturer,2025-01-24,,
leer_58gso19m,LEER,100S,OEM,X,True,windoor_and_option2,S,SF,,True,,,100,manufacturer,2025-01-24,,
leer_66gso19m,LEER,100XQ,OEM,X,True,,S,SF,,True,,,100,manufacturer,2025-01-24,,
leer_66gso19m,LEER,100XL,OEM,X,True,,S,SF,,True,,,100,manufacturer,2025-01-24,,
leer_66gso19m,LEER,100XR,OEM,X,True,windoor_and_option2,S,SF,,True,,,100,manufacturer,2025-01-24,,
leer_66gso19m,LEER,100R,OEM,X,True,windoor_and_option2,S,SF,,True,,,100,manufacturer,2025-01-24,,
leer_66gso19m,LEER,Legend,OEM,X,True,,S,SF,,True,,,100,manufacturer,2025-01-24,,
leer_66gso19m,LEER,100S,OEM,X,True,windoor_and_option2,S,SF,,True,,,100,manufacturer,2025-01-24,,
leer_66gso19m,LEER,180XL,OEM,X,True,,S,SF,,True,,,100,manufacturer,2025-01-24,,
leer_66gso19m,LEER,180XR,OEM,X,True,windoor_and_option2,S,SF,,True,,,100,manufacturer,2025-01-24,,
leer_80gso19m,LEER,100XL,OEM,X,True,,S,SF,,True,,,100,manufacturer,2025-01-24,,
leer_80gso19m,LEER,100XR,OEM,X,True,windoor_and_option2,S,SF,,True,,,100,manufacturer,2025-01-24,,
leer_80gso19m,LEER,100S,OEM,X,True,windoor_and_option2,S,SF,,True,,,100,manufacturer,2025-01-24,,
leer_67ga20_h,LEER,100XL,OEM,X,True,,S,SF,,True,,,100,manufacturer,2025-01-24,,
leer_67ga20_h,LEER,100XR,OEM,X,True,windoor_and_option2,S,SF,,True,,,100,manufacturer,2025-01-24,,
leer_67ga20_h,LEER,100R,OEM,X,True,windoor_and_option2,S,SF,,True,,,100,manufacturer,2025-01-24,,
leer_67ga20_h,LEER,Legend,OEM,X,True,,S,SF,,True,,,100,manufacturer,2025-01-24,,
leer_67ga20_h,LEER,100S,OEM,X,True,windoor_and_option2,S,SF,,True,,,100,manufacturer,2025-01-24,,
leer_67ga20_h,LEER,180,OEM,X,True,windoor_and_option2,S,SF,,True,,,100,manufacturer,2025-01-24,,
leer_80ga20_h,LEER,100XL,OEM,X,True,,S,LF,,True,,,100,manufacturer,2025-01-24,,
leer_80ga20_h,LEER,100XR,OEM,X,True,windoor_and_option2,S,LF,,True,,,100,manufacturer,2025-01-24,,
leer_80ga20_h,LEER,100S,OEM,X,True,windoor_and_option2,S,LF,,True,,,100,manufacturer,2025-01-24,,
leer_67ga20_hm,LEER,100XL,OEM,X,True,,S,SF,,True,,,100,manufacturer,2025-01-24,,
leer_67ga20_hm,LEER,100XR,OEM,X,True,windoor_and_option2,S,SF,,True,,,100,manufacturer,2025-01-24,,
leer_67ga20_hm,LEER,100R,OEM,X,True,windoor_and_option2,S,SF,,True,,,100,manufacturer,2025-01-24,,
leer_67ga20_hm,LEER,Legend,OEM,X,True,,S,SF,,True,,,100,manufacturer,2025-01-24,,
leer_67ga20_hm,LEER,100S,OEM,X,True,windoor_and_option2,S,SF,,True,,,100,manufacturer,2025-01-24,,
leer_67ga20_hm,LEER,180,OEM,X,True,windoor_and_option2,S,SF,,True,,,100,manufacturer,2025-01-24,,
leer_80ga20_hm,LEER,100XL,OEM,X,True,,S,LF,,True,,,100,manufacturer,2025-01-24,,
leer_80ga20_hm,LEER,100XR,OEM,X,True,windoor_and_option2,S,LF,,True,,,100,manufacturer,2025-01-24,,
leer_80ga20_hm,LEER,100S,OEM,X,True,windoor_and_option2,S,LF,,True,,,100,manufacturer,2025-01-24,,
leer_58gsa19,LEER,100XQ,OEM,X,True,,S,SF,,True,,,100,manufacturer,2025-01-24,,
leer_58gsa19,LEER,100XQ_SPORT,OEM,X,True,,S,SF,,True,,,100,manufacturer,2025-01-24,,
leer_58gsa19,LEER,100XL,OEM,X,True,,S,SF,,True,,,100,manufacturer,2025-01-24,,
leer_58gsa19,LEER,100XR,OEM,X,True,windoor_and_option2,S,SF,,True,,,100,manufacturer,2025-01-24,,
leer_58gsa19,LEER,100R,OEM,X,True,windoor_and_option2,S,SF,,True,,,100,manufacturer,2025-01-24,,
leer_58gsa19,LEER,Legend,OEM,X,True,,S,SF,,True,,,100,manufacturer,2025-01-24,,
leer_58gsa19,LEER,100S,OEM,X,True,windoor_and_option2,S,SF,,True,,,100,manufacturer,2025-01-24,,
leer_66gsa19,LEER,100XQ,OEM,X,True,,S,SF,,True,,,100,manufacturer,2025-01-24,,
leer_66gsa19,LEER,100XL,OEM,X,True,,S,SF,,True,,,100,manufacturer,2025-01-24,,
leer_66gsa19,LEER,100XR,OEM,X,True,windoor_and_option2,S,SF,,True,,,100,manufacturer,2025-01-24,,
leer_66gsa19,LEER,100R,OEM,X,True,windoor_and_option2,S,SF,,True,,,100,manufacturer,2025-01-24,,
leer_66gsa19,LEER,Legend,OEM,X,True,,S,SF,,True,,,100,manufacturer,2025-01-24,,
leer_66gsa19,LEER,100S,OEM,X,True,windoor_and_option2,S,SF,,True,,,100,manufacturer,2025-01-24,,
leer_66gsa19,LEER,180,OEM,X,True,windoor_and_option2,S,SF,,True,,,100,manufacturer,2025-01-24,,
leer_66gsa19,LEER,180XL,OEM,X,True,,S,SF,,True,,,100,manufacturer,2025-01-24,,
leer_66gsa19,LEER,180XR,OEM,X,True,windoor_and_option2,S,SF,,True,,,100,manufacturer,2025-01-24,,
leer_58gsa19m,LEER,100XQ,OEM,X,True,,S,SF,,True,,,100,manufacturer,2025-01-24,,
leer_58gsa19m,LEER,100XQ_SPORT,OEM,X,True,,S,SF,,True,,,100,manufacturer,2025-01-24,,
leer_58gsa19m,LEER,100XL,OEM,X,True,,S,SF,,True,,,100,manufacturer,2025-01-24,,
leer_58gsa19m,LEER,100XR,OEM,X,True,windoor_and_option2,S,SF,,True,,,100,manufacturer,2025-01-24,,
leer_58gsa19m,LEER,100R,OEM,X,True,windoor_and_option2,S,SF,,True,,,100,manufacturer,2025-01-24,,
leer_58gsa19m,LEER,Legend,OEM,X,True,,S,SF,,True,,,100,manufacturer,2025-01-24,,
leer_58gsa19m,LEER,100S,OEM,X,True,windoor_and_option2,S,SF,,True,,,100,manufacturer,2025-01-24,,
leer_58gsa19m,LEER,700,OEM,X,True,,S,SF,,True,,,100,manufacturer,2025-01-24,,
leer_66gsa19m,LEER,100XQ,OEM,X,True,,S,SF,,True,,,100,manufacturer,2025-01-24,,
leer_66gsa19m,LEER,100XL,OEM,X,True,,S,SF,,True,,,100,manufacturer,2025-01-24,,
leer_66gsa19m,LEER,100XR,OEM,X,True,windoor_and_option2,S,SF,,True,,,100,manufacturer,2025-01-24,,
leer_66gsa19m,LEER,100R,OEM,X,True,windoor_and_option2,S,SF,,True,,,100,manufacturer,2025-01-24,,
leer_66gsa19m,LEER,Legend,OEM,X,True,,S,SF,,True,,,100,manufacturer,2025-01-24,,
leer_66gsa19m,LEER,100S,OEM,X,True,windoor_and_option2,S,SF,,True,,,100,manufacturer,2025-01-24,,
leer_66gsa19m,LEER,180,OEM,X,True,windoor_and_option2,S,SF,,True,,,100,manufacturer,2025-01-24,,
leer_66gsa19m,LEER,180XL,OEM,X,True,,S,SF,,True,,,100,manufacturer,2025-01-24,,
leer_66gsa19m,LEER,180XR,OEM,X,True,windoor_and_option2,S,SF,,True,,,100,manufacturer,2025-01-24,,
leer_66gsa19m,LEER,700,OEM,X,True,,S,SF,,True,,,100,manufacturer,2025-01-24,,
leer_66gs14,LEER,100XQ,OEM,X,True,,S,SF,,True,,,100,manufacturer,2025-01-24,,
leer_66gs14,LEER,100XL,OEM,X,True,,S,SF,,True,,,100,manufacturer,2025-01-24,,
leer_66gs14,LEER,100XR,OEM,X,True,windoor_and_option2,S,SF,,True,,,100,manufacturer,2025-01-24,,
leer_66gs14,LEER,100R,OEM,X,True,windoor_and_option2,S,SF,,True,,,100,manufacturer,2025-01-24,,
leer_66gs14,LEER,Legend,OEM,X,True,,S,SF,,True,,,100,manufacturer,2025-01-24,,
leer_66gs14,LEER,180,OEM,X,True,windoor_and_option2,S,SF,,True,,,100,manufacturer,2025-01-24,,
leer_66gs14,LEER,180XL,OEM,X,True,,S,SF,,True,,,100,manufacturer,2025-01-24,,
leer_66gs14,LEER,180XR,OEM,X,True,windoor_and_option2,S,SF,,True,,,100,manufacturer,2025-01-24,,
leer_66gs14,LEER,122,OEM,X,True,windoor_and_option2,S,SF,,True,,,100,manufacturer,2025-01-24,,
leer_66gs14,LEER,700,OEM,X,True,,S,SF,,True,,,100,manufacturer,2025-01-24,,
leer_80gs14,LEER,100XL,OEM,X,True,,S,LF,,True,,,100,manufacturer,2025-01-24,,
leer_80gs14,LEER,100XR,OEM,X,True,windoor_and_option2,S,LF,,True,,,100,manufacturer,2025-01-24,,
leer_80gs14,LEER,100R,OEM,X,True,windoor_and_option2,S,LF,,True,,,100,manufacturer,2025-01-24,,
leer_80gs14,LEER,Legend,OEM,X,True,,S,LF,,True,,,100,manufacturer,2025-01-24,,
leer_80gs14,LEER,180,OEM,X,True,windoor_and_option2,S,LF,,True,,,100,manufacturer,2025-01-24,,
leer_80gs14,LEER,122,OEM,X,True,windoor_and_option2,S,LF,,True,,,100,manufacturer,2025-01-24,,
leer_80gsd15,LEER,100XL,OEM,X,True,,S,LF,,True,,,100,manufacturer,2025-01-24,,
leer_80gsd15,LEER,100XR,OEM,X,True,,S,LF,,True,,,100,manufacturer,2025-01-24,,
leer_58gs14,LEER,100XQ,OEM,X,True,,S,SF,,True,,,100,manufacturer,2025-01-24,,
leer_58gs14,LEER,100XL,OEM,X,True,,S,SF,,True,,,100,manufacturer,2025-01-24,,
leer_58gs14,LEER,100XR,OEM,X,True,windoor_and_option2,S,SF,,True,,,100,manufacturer,2025-01-24,,
leer_58gs14,LEER,100R,OEM,X,True,windoor_and_option2,S,SF,,True,,,100,manufacturer,2025-01-24,,
leer_58gs14,LEER,Legend,OEM,X,True,,S,SF,,True,,,100,manufacturer,2025-01-24,,
leer_58gs14,LEER,180,OEM,X,True,windoor_and_option2,S,SF,,True,,,100,manufacturer,2025-01-24,,
leer_58gs14,LEER,180XL,OEM,X,True,,S,SF,,True,,,100,manufacturer,2025-01-24,,
leer_58gs14,LEER,180XR,OEM,X,True,windoor_and_option2,S,SF,,True,,,100,manufacturer,2025-01-24,,
leer_58gs14,LEER,750_SPORT,aliased,X,,,S,SF,,True,58GS16†,,80,manufacturer,2025-01-24,,
leer_58gs14,LEER,700,OEM,X,True,,S,SF,,True,,,100,manufacturer,2025-01-24,,
leer_66gs14,LEER,550,OEM,X,True,,S,SF,,True,,,100,manufacturer,2025-01-24,,
leer_80gs14,LEER,700,OEM,X,True,,S,LF,,True,,,100,manufacturer,2025-01-24,,
leer_58gsocc,LEER,100R,OEM,X,True,windoor_and_option2,S,SF,,True,,,100,manufacturer,2025-01-24,,
leer_58gsocc,LEER,Legend,OEM,X,True,,S,SF,,True,,,100,manufacturer,2025-01-24,,
leer_65gso,LEER,100R,OEM,X,True,windoor_and_option2,S,SF,,True,,,100,manufacturer,2025-01-24,,
leer_65gso,LEER,Legend,OEM,X,True,,S,SF,,True,,,100,manufacturer,2025-01-24,,
leer_65gsocc,LEER,100R,OEM,X,True,windoor_and_option2,S,SF,,True,,,100,manufacturer,2025-01-24,,
leer_65gsocc,LEER,Legend,OEM,X,True,,S,SF,,True,,,100,manufacturer,2025-01-24,,
leer_8gso,LEER,100R,OEM,X,True,windoor_and_option2,S,LF,,True,,,100,manufacturer,2025-01-24,,
leer_8gso,LEER,Legend,OEM,X,True,,S,LF,,True,,,100,manufacturer,2025-01-24,,
leer_58gsacc,LEER,100XL,OEM,X,True,,S,SF,,True,,,100,manufacturer,2025-01-24,,
leer_58gsacc,LEER,100XR,OEM,X,True,windoor_and_option2,S,SF,,True,,,100,manufacturer,2025-01-24,,
leer_58gsacc,LEER,100R,OEM,X,True,windoor_and_option2,S,SF,,True,,,100,manufacturer,2025-01-24,,
leer_58gsacc,LEER,Legend,OEM,X,True,,S,SF,,True,,,100,manufacturer,2025-01-24,,
leer_65gsa,LEER,100XL,OEM,X,True,,S,SF,,True,,,100,manufacturer,2025-01-24,,
leer_65gsa,LEER,100XR,OEM,X,True,windoor_and_option2,S,SF,,True,,,100,manufacturer,2025-01-24,,
leer_65gsa,LEER,100R,OEM,X,True,windoor_and_option2,S,SF,,True,,,100,manufacturer,2025-01-24,,
leer_65gsa,LEER,Legend,OEM,X,True,,S,SF,,True,,,100,manufacturer,2025-01-24,,
leer_65gsacc,LEER,100R,OEM,X,True,windoor_and_option2,S,SF,,True,,,100,manufacturer,2025-01-24,,
leer_65gsacc,LEER,Legend,OEM,X,True,,S,SF,,True,,,100,manufacturer,2025-01-24,,
leer_8gmt,LEER,100R,OEM,X,True,windoor_and_option2,S,LF,,True,,,100,manufacturer,2025-01-24,,
leer_8gmt,LEER,Legend,OEM,X,True,,S,LF,,True,,,100,manufacturer,2025-01-24,,
leer_65gmt,LEER,100R,OEM,X,True,windoor_and_option2,S,SF,,True,,,100,manufacturer,2025-01-24,,
leer_65gmt,LEER,Legend,OEM,X,True,,S,SF,,True,,,100,manufacturer,2025-01-24,,
leer_65gmtcc,LEER,100R,OEM,X,True,windoor_and_option2,S,SF,,True,,,100,manufacturer,2025-01-24,,
leer_65gmtcc,LEER,Legend,OEM,X,True,,S,SF,,True,,,100,manufacturer,2025-01-24,,
leer_8gmthdd,LEER,100R,aliased,X,,,S,LF,,True,8GMT,,80,manufacturer,2025-01-24,,
leer_8gmthdd,LEER,Legend,aliased,X,,,S,LF,,True,8GMT,,80,manufacturer,2025-01-24,,
leer_52gl23,LEER,100XL,OEM,X,True,,S,SC,,True,,,100,manufacturer,2025-01-24,,
leer_52gl23,LEER,100XR,OEM,X,True,windoor,S,SC,,True,,,100,manufacturer,2025-01-24,,
leer_52gl23,LEER,100R,OEM,X,True,windoor,S,SC,,True,,,100,manufacturer,2025-01-24,,
leer_52gl23,LEER,100S,OEM,X,True,windoor,S,SC,,True,,,100,manufacturer,2025-01-24,,
leer_52gl23,LEER,180,OEM,X,True,windoor,S,SC,,True,,,100,manufacturer,2025-01-24,,
leer_52gl23,LEER,700,OEM,X,True,,S,SC,,True,,,100,manufacturer,2025-01-24,,
leer_52gn23,LEER,100XL,OEM,X,True,,S,SC,,True,,,100,manufacturer,2025-01-24,,
leer_52gn23,LEER,100XR,OEM,X,True,windoor,S,SC,,True,,,100,manufacturer,2025-01-24,,
leer_52gn23,LEER,100R,OEM,X,True,windoor,S,SC,,True,,,100,manufacturer,2025-01-24,,
leer_52gn23,LEER,100S,OEM,X,True,windoor,S,SC,,True,,,100,manufacturer,2025-01-24,,
leer_52gn23,LEER,180,OEM,X,True,windoor,S,SC,,True,,,100,manufacturer,2025-01-24,,
leer_52gn23,LEER,700,OEM,X,True,,S,SC,,True,,,100,manufacturer,2025-01-24,,
leer_52gc15,LEER,100XL,OEM,X,True,,S,SC,,True,,,100,manufacturer,2025-01-24,,
leer_52gc15,LEER,100XR,OEM,X,True,windoor_and_option2,S,SC,,True,,,100,manufacturer,2025-01-24,,
leer_52gc15,LEER,100R,OEM,X,True,windoor_and_option2,S,SC,,True,,,100,manufacturer,2025-01-24,,
leer_52gc15,LEER,Legend,OEM,X,True,,S,SC,,True,,,100,manufacturer,2025-01-24,,
leer_52gc15,LEER,180,OEM,X,True,windoor_and_option2,S,SC,,True,,,100,manufacturer,2025-01-24,,
leer_52gc15,LEER,180XL,OEM,X,True,,S,SC,,True,,,100,manufacturer,2025-01-24,,
leer_52gc15,LEER,180XR,OEM,X,True,windoor_and_option2,S,SC,,True,,,100,manufacturer,2025-01-24,,
leer_52gc15,LEER,700,OEM,X,True,,S,SC,,True,,,100,manufacturer,2025-01-24,,
leer_52gc15,LEER,550,OEM,X,True,,S,SC,,True,,,100,manufacturer,2025-01-24,,
leer_62gccc15,LEER,100XL,OEM,X,True,,S,SC,,True,,,100,manufacturer,2025-01-24,,
leer_62gccc15,LEER,100XR,OEM,X,True,windoor_and_option2,S,SC,,True,,,100,manufacturer,2025-01-24,,
leer_62gccc15,LEER,100R,OEM,X,True,windoor_and_option2,S,SC,,True,,,100,manufacturer,2025-01-24,,
leer_62gccc15,LEER,Legend,OEM,X,True,,S,SC,,True,,,100,manufacturer,2025-01-24,,
leer_62gccc15,LEER,180,OEM,X,True,windoor_and_option2,S,SC,,True,,,100,manufacturer,2025-01-24,,
leer_62gccc15,LEER,180XL,OEM,X,True,,S,SC,,True,,,100,manufacturer,2025-01-24,,
leer_62gccc15,LEER,180XR,OEM,X,True,windoor_and_option2,S,SC,,True,,,100,manufacturer,2025-01-24,,
leer_62gccc15,LEER,700,OEM,X,True,,S,SC,,True,,,100,manufacturer,2025-01-24,,
leer_62gc15,LEER,100XL,aliased,X,,,S,SC,,True,62GCCC15,,80,manufacturer,2025-01-24,,
leer_62gc15,LEER,100XR,aliased,X,,,S,SC,,True,62GCCC15,,80,manufacturer,2025-01-24,,
leer_62gc15,LEER,100R,aliased,X,,,S,SC,,True,62GCCC15,,80,manufacturer,2025-01-24,,
leer_62gc15,LEER,Legend,aliased,X,,,S,SC,,True,62GCCC15,,80,manufacturer,2025-01-24,,
leer_62gc15,LEER,180,aliased,X,,,S,SC,,True,62GCCC15,,80,manufacturer,2025-01-24,,
leer_62gc15,LEER,180XL,aliased,X,,,S,SC,,True,62GCCC15,,80,manufacturer,2025-01-24,,
leer_62gc15,LEER,180XR,aliased,X,,,S,SC,,True,62GCCC15,,80,manufacturer,2025-01-24,,
leer_62gc15,LEER,700,OEM,X,True,,S,SC,,True,,,100,manufacturer,2025-01-24,,
leer_56tt22,LEER,100XQ_SPORT,OEM,X,True,,T,SF,,True,,,100,manufacturer,2025-01-24,,
leer_56tt22,LEER,100XL,OEM,X,True,,T,SF,,True,,,100,manufacturer,2025-01-24,,
leer_56tt22,LEER,100XR,OEM,X,True,windoor_and_option2,T,SF,,True,,,100,manufacturer,2025-01-24,,
leer_56tt22,LEER,100R,OEM,X,True,windoor_and_option2,T,SF,,True,,,100,manufacturer,2025-01-24,,
leer_56tt22,LEER,100S,OEM,X,True,windoor_and_option2,T,SF,,True,,,100,manufacturer,2025-01-24,,
leer_56tt22,LEER,700,OEM,X,True,,T,SF,,True,,,100,manufacturer,2025-01-24,,
leer_66tt22,LEER,100XL,OEM,X,True,,T,SF,,True,,,100,manufacturer,2025-01-24,,
leer_66tt22,LEER,100XR,OEM,X,True,windoor_and_option2,T,SF,,True,,,100,manufacturer,2025-01-24,,
leer_66tt22,LEER,100R,OEM,X,True,windoor_and_option2,T,SF,,True,,,100,manufacturer,2025-01-24,,
leer_66tt22,LEER,100S,OEM,X,True,windoor_and_option2,T,SF,,True,,,100,manufacturer,2025-01-24,,
leer_66tt22,LEER,180,OEM,X,True,windoor_and_option2,T,SF,,True,,,100,manufacturer,2025-01-24,,
leer_66tt22,LEER,700,OEM,X,True,,T,SF,,True,,,100,manufacturer,2025-01-24,,
leer_81tt22,LEER,100S,OEM,X,True,windoor_and_option2,T,LF,,True,,,100,manufacturer,2025-01-24,,
leer_56tt14,LEER,100XQ,OEM,X,True,,T,SF,,True,,,100,manufacturer,2025-01-24,,
leer_56tt14,LEER,100XL,OEM,X,True,,T,SF,,True,,,100,manufacturer,2025-01-24,,
leer_56tt14,LEER,100XR,OEM,X,True,,T,SF,,True,,,100,manufacturer,2025-01-24,,
leer_56tt14,LEER,100R,OEM,X,True,windoor,T,SF,,True,,,100,manufacturer,2025-01-24,,
leer_56tt14,LEER,Legend,OEM,X,True,,T,SF,,True,,,100,manufacturer,2025-01-24,,
leer_56tt14,LEER,700,OEM,X,True,,T,SF,,True,,,100,manufacturer,2025-01-24,,
leer_56tt14,LEER,550,OEM,X,True,,T,SF,,True,,,100,manufacturer,2025-01-24,,
leer_66tt14,LEER,100XQ,OEM,X,True,,T,SF,,True,,,100,manufacturer,2025-01-24,,
leer_66tt14,LEER,100XL,OEM,X,True,,T,SF,,True,,,100,manufacturer,2025-01-24,,
leer_66tt14,LEER,100XR,OEM,X,True,,T,SF,,True,,,100,manufacturer,2025-01-24,,
leer_66tt14,LEER,100R,OEM,X,True,windoor,T,SF,,True,,,100,manufacturer,2025-01-24,,
leer_66tt14,LEER,Legend,OEM,X,True,,T,SF,,True,,,100,manufacturer,2025-01-24,,
leer_66tt14,LEER,180,OEM,X,True,windoor,T,SF,,True,,,100,manufacturer,2025-01-24,,
leer_66tt14,LEER,700,OEM,X,True,,T,SF,,True,,,100,manufacturer,2025-01-24,,
leer_80tt14,LEER,100R,OEM,X,True,windoor,T,LF,,True,,,100,manufacturer,2025-01-24,,
leer_80tt14,LEER,Legend,OEM,X,True,,T,LF,,True,,,100,manufacturer,2025-01-24,,
leer_55tt,LEER,100XL,OEM,X,True,,T,SF,,True,,,100,manufacturer,2025-01-24,,
leer_55tt,LEER,100XR,OEM,X,True,,T,SF,,True,,,100,manufacturer,2025-01-24,,
leer_55tt,LEER,100R,OEM,X,True,windoor,T,SF,,True,,,100,manufacturer,2025-01-24,,
leer_55tt,LEER,Legend,OEM,X,True,,T,SF,,True,,,100,manufacturer,2025-01-24,,
leer_65ttdc,LEER,100XL,OEM,X,True,,T,SF,,True,,,100,manufacturer,2025-01-24,,
leer_65ttdc,LEER,100XR,OEM,X,True,,T,SF,,True,,,100,manufacturer,2025-01-24,,
leer_65ttdc,LEER,100R,OEM,X,True,windoor,T,SF,,True,,,100,manufacturer,2025-01-24,,
leer_65ttdc,LEER,Legend,OEM,X,True,,T,SF,,True,,,100,manufacturer,2025-01-24,,
leer_65ttdc,LEER,180,OEM,X,True,windoor,T,SF,,True,,,100,manufacturer,2025-01-24,,
leer_52tc24,LEER,100XQ,OEM,X,True,,T,SC,,True,,,100,manufacturer,2025-01-24,,
leer_52tc24,LEER,100XL,OEM,X,True,,T,SC,,True,,,100,manufacturer,2025-01-24,,
leer_52tc24,LEER,100XR,OEM,X,True,windoor,T,SC,,True,,,100,manufacturer,2025-01-24,,
leer_52tc24,LEER,100S,OEM,X,False,windoor_and_option2,T,SC,,True,,,100,manufacturer,2025-01-24,,
leer_52tc24,LEER,180,OEM,X,False,windoor_and_option2,T,SC,,True,,,100,manufacturer,2025-01-24,,
leer_62tc24,LEER,100XQ,OEM,X,True,,T,SC,,True,,,100,manufacturer,2025-01-24,,
leer_62tc24,LEER,100XL,OEM,X,True,,T,SC,,True,,,100,manufacturer,2025-01-24,,
leer_62tc24,LEER,100XR,OEM,X,True,windoor,T,SC,,True,,,100,manufacturer,2025-01-24,,
leer_62tc24,LEER,100S,OEM,X,False,windoor_and_option2,T,SC,,True,,,100,manufacturer,2025-01-24,,
leer_62tc24,LEER,180,OEM,X,False,windoor_and_option2,T,SC,,True,,,100,manufacturer,2025-01-24,,
leer_62tc16,LEER,100XQ,aliased,X,,,T,SC,,True,62TCDC16,,80,manufacturer,2025-01-24,,
leer_62tc16,LEER,100XL,aliased,X,,,T,SC,,True,62TCDC16,,80,manufacturer,2025-01-24,,
leer_62tc16,LEER,100XR,aliased,X,,,T,SC,,True,62TCDC16,,80,manufacturer,2025-01-24,,
leer_62tc16,LEER,100R,aliased,X,,,T,SC,,True,62TCDC16,,80,manufacturer,2025-01-24,,
leer_62tc16,LEER,Legend,aliased,X,,,T,SC,,True,62TCDC16,,80,manufacturer,2025-01-24,,
leer_62tc16,LEER,180,aliased,X,,,T,SC,,True,62TCDC16,,80,manufacturer,2025-01-24,,
leer_62tc16,LEER,122,OEM,X,True,windoor,T,SC,,True,,,100,manufacturer,2025-01-24,,
leer_62tc16,LEER,700,OEM,X,True,,T,SC,,True,,,100,manufacturer,2025-01-24,,
leer_62tc16,LEER,550,OEM,X,True,,T,SC,,True,,,100,manufacturer,2025-01-24,,
leer_62tcdc16,LEER,100XQ,OEM,X,True,,T,SC,,True,,,100,manufacturer,2025-01-24,,
leer_62tcdc16,LEER,100XL,OEM,X,True,,T,SC,,True,,,100,manufacturer,2025-01-24,,
leer_62tcdc16,LEER,100XR,OEM,X,True,windoor_and_option2,T,SC,,True,,,100,manufacturer,2025-01-24,,
leer_62tcdc16,LEER,100R,OEM,X,True,windoor_and_option2,T,SC,,True,,,100,manufacturer,2025-01-24,,
leer_62tcdc16,LEER,180,OEM,X,True,windoor_and_option2,T,SC,,True,,,100,manufacturer,2025-01-24,,
leer_62tcdc16,LEER,122,aliased,X,,,T,SC,,True,62TC16,,80,manufacturer,2025-01-24,,
leer_62tcdc16,LEER,700,aliased,X,,,T,SC,,True,62TC16,,80,manufacturer,2025-01-24,,
leer_62tcdc16,LEER,550,aliased,X,,,T,SC,,True,62TC16,,80,manufacturer,2025-01-24,,
leer_52tcdc16,LEER,100XQ,OEM,X,True,,T,SC,,True,,,100,manufacturer,2025-01-24,,
leer_52tcdc16,LEER,100XL,OEM,X,True,,T,SC,,True,,,100,manufacturer,2025-01-24,,
leer_52tcdc16,LEER,100XR,OEM,X,True,windoor_and_option2,T,SC,,True,,,100,manufacturer,2025-01-24,,
leer_52tcdc16,LEER,100R,OEM,X,True,windoor_and_option2,T,SC,,True,,,100,manufacturer,2025-01-24,,
leer_52tcdc16,LEER,180,OEM,X,True,windoor_and_option2,T,SC,,True,,,100,manufacturer,2025-01-24,,
leer_52tcdc16,LEER,700,aliased,X,,,T,SC,,True,52TC16,,80,manufacturer,2025-01-24,,
leer_52tcdc16,LEER,550,aliased,X,,,T,SC,,True,52TC16,,80,manufacturer,2025-01-24,,
leer_64tcdc,LEER,100XL,OEM,X,True,,T,SC,,True,,,100,manufacturer,2025-01-24,,
leer_64tcdc,LEER,100XR,OEM,X,True,,T,SC,,True,,,100,manufacturer,2025-01-24,,
leer_64tcdc,LEER,100R,OEM,X,True,windoor,T,SC,,True,,,100,manufacturer,2025-01-24,,
leer_64tcdc,LEER,Legend,OEM,X,True,,T,SC,,True,,,100,manufacturer,2025-01-24,,
leer_64tcdc,LEER,180,OEM,X,True,windoor,T,SC,,True,,,100,manufacturer,2025-01-24,,
leer_77tcdc,LEER,100XL,OEM,X,True,,T,SC,,True,,,100,manufacturer,2025-01-24,,
leer_77tcdc,LEER,100XR,OEM,X,True,,T,SC,,True,,,100,manufacturer,2025-01-24,,
leer_77tcdc,LEER,100R,OEM,X,True,windoor_and_option2,T,SC,,True,,,100,manufacturer,2025-01-24,,
leer_77tcdc,LEER,Legend,OEM,X,True,,T,SC,,True,,,100,manufacturer,2025-01-24,,
leer_77tcdc,LEER,180,OEM,X,True,windoor,T,SC,,True,,,100,manufacturer,2025-01-24,,
leer_77tc,LEER,100XL,OEM,X,True,,T,SC,,True,,,100,manufacturer,2025-01-24,,
leer_77tc,LEER,100XR,OEM,X,True,,T,SC,,True,,,100,manufacturer,2025-01-24,,
leer_77tc,LEER,100R,OEM,X,True,windoor_and_option2,T,SC,,True,,,100,manufacturer,2025-01-24,,
leer_77tc,LEER,Legend,OEM,X,True,,T,SC,,True,,,100,manufacturer,2025-01-24,,
leer_77tc,LEER,180,OEM,X,True,windoor_and_option2,T,SC,,True,,,100,manufacturer,2025-01-24,,
leer_77tcr,LEER,100R,OEM,X,True,windoor_and_option2,T,SC,,True,,,100,manufacturer,2025-01-24,,
leer_77tcr,LEER,Legend,OEM,X,True,,T,SC,,True,,,100,manufacturer,2025-01-24,,
leer_51hr17,LEER,100XL,OEM,X,True,,T,SF,,True,,,100,manufacturer,2025-01-24,,
leer_51hr17,LEER,100XR,OEM,X,True,,T,SF,,True,,,100,manufacturer,2025-01-24,,
leer_59hr,LEER,100XQ,OEM,X,True,,T,SF,,True,,,100,manufacturer,2025-01-24,,
leer_66nt16,LEER,100XL,OEM,X,True,,T,SF,,True,,,100,manufacturer,2025-01-24,,
leer_66nt16,LEER,100XR,OEM,X,True,windoor_and_option2,T,SF,,True,,,100,manufacturer,2025-01-24,,
leer_66nt16,LEER,100R,OEM,X,True,windoor_and_option2,T,SF,,True,,,100,manufacturer,2025-01-24,,
leer_66nt16,LEER,Legend,OEM,X,True,,T,SF,,True,,,100,manufacturer,2025-01-24,,
leer_56nt13,LEER,100R,OEM,X,True,windoor_and_option2,T,SF,,True,,,100,manufacturer,2025-01-24,,
leer_56nt13,LEER,Legend,OEM,X,True,,T,SF,,True,,,100,manufacturer,2025-01-24,,
leer_65nt,LEER,100R,OEM,X,True,windoor_and_option2,T,SF,,True,,,100,manufacturer,2025-01-24,,
leer_65nt,LEER,Legend,OEM,X,True,,T,SF,,True,,,100,manufacturer,2025-01-24,,
leer_55nt,LEER,100R,OEM,X,True,windoor_and_option2,T,SF,,True,,,100,manufacturer,2025-01-24,,
leer_55nt,LEER,Legend,OEM,X,True,,T,SF,,True,,,100,manufacturer,2025-01-24,,
leer_60nf22,LEER,100XL,OEM,X,True,,T,SC,,True,,,100,manufacturer,2025-01-24,,
leer_60nf22,LEER,100XR,OEM,X,True,,T,SC,,True,,,100,manufacturer,2025-01-24,,
leer_60nf22,LEER,100S,OEM,X,True,,T,SC,,True,,,100,manufacturer,2025-01-24,,
leer_60nf22,LEER,700,OEM,X,True,,T,SC,,True,,,100,manufacturer,2025-01-24,,
leer_50nf13,LEER,100XL,OEM,X,True,,T,SC,,True,,,100,manufacturer,2025-01-24,,
leer_50nf13,LEER,100XR,OEM,X,True,,T,SC,,True,,,100,manufacturer,2025-01-24,,
leer_50nf13,LEER,100R,OEM,X,True,windoor,T,SC,,True,,,100,manufacturer,2025-01-24,,
leer_50nf13,LEER,Legend,OEM,X,True,,T,SC,,True,,,100,manufacturer,2025-01-24,,
leer_50nf13,LEER,180,OEM,X,True,windoor,T,SC,,True,,,100,manufacturer,2025-01-24,,
leer_61nf13,LEER,100XL,OEM,X,True,,T,SC,,True,,,100,manufacturer,2025-01-24,,
leer_61nf13,LEER,100XR,OEM,X,True,,T,SC,,True,,,100,manufacturer,2025-01-24,,
leer_61nf13,LEER,100R,OEM,X,True,windoor_and_option2,T,SC,,True,,,100,manufacturer,2025-01-24,,
leer_61nf13,LEER,Legend,OEM,X,True,,T,SC,,True,,,100,manufacturer,2025-01-24,,
leer_61nf13,LEER,180,OEM,X,True,windoor_and_option2,T,SC,,True,,,100,manufacturer,2025-01-24,,
leer_62nf,LEER,100R,OEM,X,True,windoor,T,SC,,True,,,100,manufacturer,2025-01-24,,
leer_62nf,LEER,Legend,OEM,X,True,,T,SC,,True,,,100,manufacturer,2025-01-24,,
leer_76nf,LEER,100R,OEM,X,True,windoor_and_option2,T,SC,,True,,,100,manufacturer,2025-01-24,,
leer_76nf,LEER,Legend,OEM,X,True,,T,SC,,True,,,100,manufacturer,2025-01-24,,
