platform_id,manufacturer,manufacturer_code,code_type,source_pdf,notes
CHEV-SEV-24P,SnugPro,5BGS24-B,model_id,data/sources/snugpro_2025-03-07.pdf,
CHEV-S15-19-24-XC-SHORTB,SnugPro,66GSO19,model_id,data/sources/snugpro_2025-03-07.pdf,
CHEV-S15-19-24-DC-VBED,SnugPro,58GSO19,model_id,data/sources/snugpro_2025-03-07.pdf,
CHEV-S15-19-24-RC-LONGBE,SnugPro,80GSO19,model_id,data/sources/snugpro_2025-03-07.pdf,
CHEV-S15-19-24-XC-SHORTB,SnugPro,66GSO19M,model_id,data/sources/snugpro_2025-03-07.pdf,
CHEV-S15-19-24-DC-VBED,SnugPro,58GSO19M,model_id,data/sources/snugpro_2025-03-07.pdf,
CHEV-S15-19-24-DC-VBED,SnugPro,58GS19,model_id,data/sources/snugpro_2025-03-07.pdf,
CHEV-S15-19-24-XC-SHORTB,SnugPro,66GS19,model_id,data/sources/snugpro_2025-03-07.pdf,
CHEV-S15-19-24-RC-LONGBE,SnugPro,80GS19,model_id,data/sources/snugpro_2025-03-07.pdf,
CHEV-S25-20-24-CC-SHORTB,SnugPro,67GO20-H,model_id,data/sources/snugpro_2025-03-07.pdf,
CHEV-S25-20-24-RC-SHORTB,SnugPro,67GO20-H,model_id,data/sources/snugpro_2025-03-07.pdf,
CHEV-S25-20-24-RC-LONGBE,SnugPro,80GO20-H,model_id,data/sources/snugpro_2025-03-07.pdf,
CHEV-S25-20-24-RC-LONGBE,SnugPro,80GO20-H,model_id,data/sources/snugpro_2025-03-07.pdf,
CHEV-S25-20-24-DC-SHORTB,SnugPro,67GO20-HM,model_id,data/sources/snugpro_2025-03-07.pdf,
CHEV-S25-20-24-DC-SHORTB,SnugPro,67GO20-HM,model_id,data/sources/snugpro_2025-03-07.pdf,
CHEV-S25-20-24-RC-LONGBE,SnugPro,80GO20-HM,model_id,data/sources/snugpro_2025-03-07.pdf,
CHEV-S25-20-24-RC-LONGBE,SnugPro,80GO20-HM,model_id,data/sources/snugpro_2025-03-07.pdf,
CHEV-S25-20-24-DC-SHORTB,SnugPro,67GS20-H,model_id,data/sources/snugpro_2025-03-07.pdf,
CHEV-S25-20-24-RC-LONGBE,SnugPro,80GS20-H,model_id,data/sources/snugpro_2025-03-07.pdf,
CHEV-S15-14-18-RC-SHORTB,SnugPro,66GS14,model_id,data/sources/snugpro_2025-03-07.pdf,
CHEV-S15-14-18-DC-VBED,SnugPro,58GS14,model_id,data/sources/snugpro_2025-03-07.pdf,
CHEV-S15-14-18-RC-LONGBE,SnugPro,80GS14,model_id,data/sources/snugpro_2025-03-07.pdf,
CHEV-S15-07-13-DC-VBED,SnugPro,58GSO,model_id,data/sources/snugpro_2025-03-07.pdf,
CHEV-S15-07-13-RC-SHORTB,SnugPro,65GSO,model_id,data/sources/snugpro_2025-03-07.pdf,
CHEV-S15-07-13-DC-SHORTB,SnugPro,65GSOCC,model_id,data/sources/snugpro_2025-03-07.pdf,
CHEV-S15-07-13-RC-LONGBE,SnugPro,8GSO,model_id,data/sources/snugpro_2025-03-07.pdf,
CHEV-S15-07-13-DC-LONGBE,SnugPro,8GSOCC,model_id,data/sources/snugpro_2025-03-07.pdf,
CHEV-S15-04-06-DC-VBED,SnugPro,58GMT,model_id,data/sources/snugpro_2025-03-07.pdf,
CHEV-S15-99-06-DC-LONGBE,SnugPro,8GMT,model_id,data/sources/snugpro_2025-03-07.pdf,
CHEV-S25-01-06-DC-LONGBE,SnugPro,8GMTHDD,model_id,data/sources/snugpro_2025-03-07.pdf,
CHEV-S15-99-06-RC-SHORTB,SnugPro,65GMT,model_id,data/sources/snugpro_2025-03-07.pdf,
CHEV-S15-99-06-RC-LONGBE,SnugPro,8GMT,model_id,data/sources/snugpro_2025-03-07.pdf,
GMC-SRA-19-24-XC-SHORTB,SnugPro,66GSA19,model_id,data/sources/snugpro_2025-03-07.pdf,
GMC-SRA-19-24-DC-VBED,SnugPro,58GSA19,model_id,data/sources/snugpro_2025-03-07.pdf,
GMC-SRA-19-24-XC-SHORTB,SnugPro,66GSA19M,model_id,data/sources/snugpro_2025-03-07.pdf,
GMC-SRA-19-24-DC-VBED,SnugPro,58GSA19M,model_id,data/sources/snugpro_2025-03-07.pdf,
GMC-SRA-19-24-DC-VBED,SnugPro,58GS19,model_id,data/sources/snugpro_2025-03-07.pdf,
GMC-SRA-19-24-XC-SHORTB,SnugPro,66GS19,model_id,data/sources/snugpro_2025-03-07.pdf,
GMC-SRA-19-24-RC-LONGBE,SnugPro,80GS19,model_id,data/sources/snugpro_2025-03-07.pdf,
GMC-SRA-19-24-RC-LONGBE,SnugPro,80GSA19,model_id,data/sources/snugpro_2025-03-07.pdf,
GMC-SRA25-20-24-CC-SHORTB,SnugPro,67GA20-H,model_id,data/sources/snugpro_2025-03-07.pdf,
GMC-SRA25-20-24-RC-SHORTB,SnugPro,67GA20-H,model_id,data/sources/snugpro_2025-03-07.pdf,
GMC-SRA25-20-24-CC-LONGBE,SnugPro,80GA20-H,model_id,data/sources/snugpro_2025-03-07.pdf,
GMC-SRA25-20-24-RC-LONGBE,SnugPro,80GA20-H,model_id,data/sources/snugpro_2025-03-07.pdf,
GMC-SRA25-20-24-CC-SHORTB,SnugPro,67GA20-HM,model_id,data/sources/snugpro_2025-03-07.pdf,
GMC-SRA25-20-24-RC-SHORTB,SnugPro,67GA20-HM,model_id,data/sources/snugpro_2025-03-07.pdf,
GMC-SRA25-20-24-CC-LONGBE,SnugPro,80GA20-HM,model_id,data/sources/snugpro_2025-03-07.pdf,
GMC-SRA25-20-24-RC-LONGBE,SnugPro,80GA20-HM,model_id,data/sources/snugpro_2025-03-07.pdf,
GMC-SRA25-20-24-DC-SHORTB,SnugPro,67GS20-H,model_id,data/sources/snugpro_2025-03-07.pdf,
GMC-SRA25-20-24-RC-LONGBE-2,SnugPro,80GS20-H,model_id,data/sources/snugpro_2025-03-07.pdf,
GMC-SRA-14-18-RC-SHORTB,SnugPro,66GS14,model_id,data/sources/snugpro_2025-03-07.pdf,
GMC-SRA-14-18-DC-VBED,SnugPro,58GS14,model_id,data/sources/snugpro_2025-03-07.pdf,
GMC-SRA-14-18-RC-LONGBE,SnugPro,80GS14,model_id,data/sources/snugpro_2025-03-07.pdf,
GMC-SRA-07-13-DC-SHORTB,SnugPro,65GSACC,model_id,data/sources/snugpro_2025-03-07.pdf,
GMC-SRA-07-13-RC-SHORTB,SnugPro,65GSA,model_id,data/sources/snugpro_2025-03-07.pdf,
GMC-SRA-07-13-DC-VBED,SnugPro,58GSACC,model_id,data/sources/snugpro_2025-03-07.pdf,
GMC-SRA-07-13-RC-LONGBE,SnugPro,8GSA,model_id,data/sources/snugpro_2025-03-07.pdf,
GMC-SRA-07-13-DC-LONGBE,SnugPro,8GSA,model_id,data/sources/snugpro_2025-03-07.pdf,
CHEV-COL-23-24-DC-VBED,SnugPro,52GL23,model_id,data/sources/snugpro_2025-03-07.pdf,
CHEV-CAN-23-24-DC-VBED,SnugPro,52GN23,model_id,data/sources/snugpro_2025-03-07.pdf,
CHEV-COL-15-21-DC-VBED,SnugPro,52GC15,model_id,data/sources/snugpro_2025-03-07.pdf,
CHEV-COL-15-21-DC-SHORTB,SnugPro,62GCCC15/62GC15,model_id,data/sources/snugpro_2025-03-07.pdf,
CHEV-COL-04-12-DC-VBED,SnugPro,65GC,model_id,data/sources/snugpro_2025-03-07.pdf,
CHEV-COL-04-12-RC-SHORTB,SnugPro,76GC,model_id,data/sources/snugpro_2025-03-07.pdf,
RAM-R25-19-24-RC-LONGBE,SnugPro,80DR19-H,model_id,data/sources/snugpro_2025-03-07.pdf,
RAM-R25-19-24-DC-SHORTB,SnugPro,64DR19-H,model_id,data/sources/snugpro_2025-03-07.pdf,
RAM-R15-19-24-DC-SHORTB,SnugPro,64DRQC09,model_id,data/sources/snugpro_2025-03-07.pdf,
RAM-R15-19-25-CC-SHORTB,SnugPro,64DR19,model_id,data/sources/snugpro_2025-03-07.pdf,
RAM-R15-19-25-DC-VBED,SnugPro,57DR19,model_id,data/sources/snugpro_2025-03-07.pdf,
RAM-R25-10-24-DC-SHORTB,SnugPro,64DR09,model_id,data/sources/snugpro_2025-03-07.pdf,
RAM-R25-10-24-RC-SHORTB,SnugPro,64DR09,model_id,data/sources/snugpro_2025-03-07.pdf,
RAM-R25-10-24-DC-LONGBE,SnugPro,80DR10,model_id,data/sources/snugpro_2025-03-07.pdf,
RAM-R25-10-24-RC-LONGBE,SnugPro,80DR10,model_id,data/sources/snugpro_2025-03-07.pdf,
RAM-R25-10-24-DC-DUALLY,SnugPro,64DR09-D,model_id,data/sources/snugpro_2025-03-07.pdf,
RAM-R25-10-24-DC-DUALLY-2,SnugPro,80DR09-D,model_id,data/sources/snugpro_2025-03-07.pdf,
RAM-R15-09-24-DC-SHORTB,SnugPro,64QCDR09,model_id,data/sources/snugpro_2025-03-07.pdf,
RAM-R15-13-18-CC-SHORTB,SnugPro,64DR09,model_id,data/sources/snugpro_2025-03-07.pdf,
RAM-R15-09-18-RC-SHORTB,SnugPro,64DR09,model_id,data/sources/snugpro_2025-03-07.pdf,
RAM-R15-09-18-DC-VBED,SnugPro,57DR09,model_id,data/sources/snugpro_2025-03-07.pdf,
RAM-R15-02-08-DC-LONGBE,SnugPro,8DR,model_id,data/sources/snugpro_2025-03-07.pdf,
RAM-R15-02-08-DC-SHORTB,SnugPro,65DR,model_id,data/sources/snugpro_2025-03-07.pdf,
JEEP-GLAD-20-24-DC-VBED,SnugPro,50JG20,model_id,data/sources/snugpro_2025-03-07.pdf,
FORD-F150-21-24-DC-VBED,SnugPro,56FF21,model_id,data/sources/snugpro_2025-03-07.pdf,
FORD-F150-22-24-RC-VBED,SnugPro,56FF21,model_id,data/sources/snugpro_2025-03-07.pdf,
FORD-F150-21-24-RC-SHORTB,SnugPro,66FF21,model_id,data/sources/snugpro_2025-03-07.pdf,
FORD-F150-21-24-RC-LONGBE,SnugPro,80FF21,model_id,data/sources/snugpro_2025-03-07.pdf,
FORD-F150-24-25-RC-VBED,SnugPro,56FF21M,model_id,data/sources/snugpro_2025-03-07.pdf,
FORD-F150-24-25-RC-SHORTB,SnugPro,66FF21M,model_id,data/sources/snugpro_2025-03-07.pdf,
FORD-F150-24-25-RC-LONGBE,SnugPro,80FF21M,model_id,data/sources/snugpro_2025-03-07.pdf,
FORD-F150-15-20-DC-VBED,SnugPro,56FF15,model_id,data/sources/snugpro_2025-03-07.pdf,
FORD-F150-15-20-XC-SHORTB,SnugPro,66FF15,model_id,data/sources/snugpro_2025-03-07.pdf,
FORD-F150-15-20-RC-SHORTB,SnugPro,66FF15,model_id,data/sources/snugpro_2025-03-07.pdf,
FORD-F150-15-20-DC-SHORTB,SnugPro,66FF15,model_id,data/sources/snugpro_2025-03-07.pdf,
FORD-F150-15-20-RC-LONGBE,SnugPro,80FF15,model_id,data/sources/snugpro_2025-03-07.pdf,
FORD-F150-15-20-XC-LONGBE,SnugPro,80FF15,model_id,data/sources/snugpro_2025-03-07.pdf,
FORD-F150-09-14-DC-VBED,SnugPro,56FF09,model_id,data/sources/snugpro_2025-03-07.pdf,
FORD-F150-09-14-RC-SHORTB,SnugPro,66FF09,model_id,data/sources/snugpro_2025-03-07.pdf,
FORD-F150-09-14-DC-SHORTB,SnugPro,66FF09,model_id,data/sources/snugpro_2025-03-07.pdf,
FORD-F150-09-14-DC-LONGBE,SnugPro,80FF09,model_id,data/sources/snugpro_2025-03-07.pdf,
FORD-F150-04-08-XC-SHORTB,SnugPro,65FF,model_id,data/sources/snugpro_2025-03-07.pdf,
FORD-F150-04-08-DC-VBED,SnugPro,55FF,model_id,data/sources/snugpro_2025-03-07.pdf,
FORD-F150-04-08-XC-LONGBE,SnugPro,8FF,model_id,data/sources/snugpro_2025-03-07.pdf,
FORD-F150-00-04-DC-VBED,SnugPro,67PNCC,model_id,data/sources/snugpro_2025-03-07.pdf,
FORD-F150-97-03-RC-SHORTB,SnugPro,83PN,model_id,data/sources/snugpro_2025-03-07.pdf,
FORD-F150-97-03-XC-SHORTB,SnugPro,83PNSC,model_id,data/sources/snugpro_2025-03-07.pdf,
FORD-F250-23-24-RC-SHORTB,SnugPro,69FS23,model_id,data/sources/snugpro_2025-03-07.pdf,
FORD-F250-23-24-RC-LONGBE,SnugPro,80FS23,model_id,data/sources/snugpro_2025-03-07.pdf,
FORD-F250-17-22-RC-SHORTB,SnugPro,69FS17,model_id,data/sources/snugpro_2025-03-07.pdf,
FORD-F250-17-22-RC-LONGBE,SnugPro,80FS17,model_id,data/sources/snugpro_2025-03-07.pdf,
FORD-F250-08-16-RC-SHORTB,SnugPro,65FSD,model_id,data/sources/snugpro_2025-03-07.pdf,
FORD-F250-08-16-RC-LONGBE,SnugPro,8FSD,model_id,data/sources/snugpro_2025-03-07.pdf,
FORD-F250-08-16-RC-SHORTB,SnugPro,65FSDS,model_id,data/sources/snugpro_2025-03-07.pdf,
FORD-F250-08-16-RC-LONGBE,SnugPro,8FSDS,model_id,data/sources/snugpro_2025-03-07.pdf,
FORD-F250-99-07-RC-SHORTB,SnugPro,83F350,model_id,data/sources/snugpro_2025-03-07.pdf,
FORD-F250-99-07-RC-LONGBE,SnugPro,8F350,model_id,data/sources/snugpro_2025-03-07.pdf,
FORD-RNG-24-DC-VBED,SnugPro,4AFR24,model_id,data/sources/snugpro_2025-03-07.pdf,
FORD-RNG-24-DC-VBED,SnugPro,4AFR24,model_id,data/sources/snugpro_2025-03-07.pdf,
FORD-RNG-19-23-DC-VBED,SnugPro,4AFR19,model_id,data/sources/snugpro_2025-03-07.pdf,
FORD-RNG-19-23-DC-SHORTB,SnugPro,5AFR19,model_id,data/sources/snugpro_2025-03-07.pdf,
FORD-RNG-93-11-XC-SHORTB,SnugPro,75R,model_id,data/sources/snugpro_2025-03-07.pdf,
FORD-MAV-22-24-DC-VBED,SnugPro,45FM22,model_id,data/sources/snugpro_2025-03-07.pdf,
TOY-TUN-22-24-DC-VBED,SnugPro,56TT22,model_id,data/sources/snugpro_2025-03-07.pdf,
TOY-TUN-22-24-DC-SHORTB,SnugPro,66TT22,model_id,data/sources/snugpro_2025-03-07.pdf,
TOY-TUN-22-24-DC-LONGBE,SnugPro,81TT22,model_id,data/sources/snugpro_2025-03-07.pdf,
TOY-TUN-14-21-DC-VBED,SnugPro,56TT14,model_id,data/sources/snugpro_2025-03-07.pdf,
TOY-TUN-14-21-DC-SHORTB,SnugPro,66TTDC14,model_id,data/sources/snugpro_2025-03-07.pdf,
TOY-TUN-07-13-DC-VBED,SnugPro,55TT,model_id,data/sources/snugpro_2025-03-07.pdf,
TOY-TUN-07-13-RC-SHORTB,SnugPro,65TT,model_id,data/sources/snugpro_2025-03-07.pdf,
TOY-TUN-07-13-DC-SHORTB,SnugPro,65TTDC,model_id,data/sources/snugpro_2025-03-07.pdf,
TOY-TUN-04-06-DC-SHORTB,SnugPro,65TUNDC,model_id,data/sources/snugpro_2025-03-07.pdf,
TOY-TUN-01-06-XC-SHORTB,SnugPro,65TUN,model_id,data/sources/snugpro_2025-03-07.pdf,
TOY-TAC-24P-DC-VBED,SnugPro,52TC24,model_id,data/sources/snugpro_2025-03-07.pdf,
TOY-TAC-24P-DC-SHORTB,SnugPro,62TC24,model_id,data/sources/snugpro_2025-03-07.pdf,
TOY-TAC-16-23-DC-VBED,SnugPro,52TCDC16,model_id,data/sources/snugpro_2025-03-07.pdf,
TOY-TAC-16-23-DC-SHORTB,SnugPro,62TCDC16,model_id,data/sources/snugpro_2025-03-07.pdf,
TOY-TAC-16-23-XC-SHORTB,SnugPro,62TCDC16,model_id,data/sources/snugpro_2025-03-07.pdf,
TOY-TAC-05-15-DC-VBED,SnugPro,64TCDC,model_id,data/sources/snugpro_2025-03-07.pdf,
TOY-TAC-05-15-DC-SHORTB,SnugPro,77TCDC,model_id,data/sources/snugpro_2025-03-07.pdf,
TOY-TAC-05-15-XC-SHORTB,SnugPro,77TCDC,model_id,data/sources/snugpro_2025-03-07.pdf,
TOY-TAC-05-15-RC-SHORTB,SnugPro,77TCR,model_id,data/sources/snugpro_2025-03-07.pdf,
NIS-TTN-16-24-DC-SHORTB,SnugPro,66NT16,model_id,data/sources/snugpro_2025-03-07.pdf,
NIS-TTN-04-11-DC-VBED,SnugPro,55NT,model_id,data/sources/snugpro_2025-03-07.pdf,
NIS-TTN-04-11-XC-SHORTB,SnugPro,65NT,model_id,data/sources/snugpro_2025-03-07.pdf,
NIS-FRONT-22-24-DC-VBED,SnugPro,4ANF22,model_id,data/sources/snugpro_2025-03-07.pdf,
NIS-FRONT-22-24-XC-SHORTB,SnugPro,60NF22,model_id,data/sources/snugpro_2025-03-07.pdf,
NIS-FRONT-05-18-XC-SHORTB,SnugPro,76NF,model_id,data/sources/snugpro_2025-03-07.pdf,
NIS-FRONT-05-18-DC-VBED,SnugPro,62NF,model_id,data/sources/snugpro_2025-03-07.pdf,
